Date,Weight,Distance,Workout Notes,Exercise Name,Seconds,Workout Name,Notes,Distance Unit,Reps,Weight Unit,Set Order
2018-10-31 17:10:12,22.5,,"""""","""Squat (Barbell)""",0,"""B""","""""",,5,lbs,1
2018-10-31 17:10:12,25,,,"""Squat (Barbell)""",0,"""B""",,,5,lbs,2
2018-10-31 17:10:12,27.5,,,"""Squat (Barbell)""",0,"""B""",,,5,lbs,3
2018-10-31 17:10:12,30,,,"""Squat (Barbell)""",0,"""B""",,,5,lbs,4
2018-10-31 17:10:12,32.5,,,"""Squat (Barbell)""",0,"""B""",,,10,lbs,5
2018-10-31 17:10:12,27.5,,,"""Bench Press (Dumbbell)""",0,"""B""","""""",,5,lbs,1
2018-10-31 17:10:12,30,,,"""Bench Press (Dumbbell)""",0,"""B""",,,5,lbs,2
2018-10-31 17:10:12,35,,,"""Bench Press (Dumbbell)""",0,"""B""",,,5,lbs,3
2018-10-31 17:10:12,40,,,"""Bench Press (Dumbbell)""",0,"""B""",,,5,lbs,4
2018-10-31 17:10:12,45,,,"""Bench Press (Dumbbell)""",0,"""B""",,,5,lbs,5
2018-10-31 17:10:12,0,,,"""Pull Up""",0,"""B""","""""",,14,lbs,1
2018-10-31 17:10:12,0,,,"""Pull Up""",0,"""B""",,,7,lbs,2
2018-10-29 16:00:57,85,,"""""","""Deadlift (Barbell)""",0,"""A""","""""",,5,lbs,1
2018-10-29 16:00:57,95,,,"""Deadlift (Barbell)""",0,"""A""",,,5,lbs,2
2018-10-29 16:00:57,105,,,"""Deadlift (Barbell)""",0,"""A""",,,5,lbs,3
2018-10-29 16:00:57,115,,,"""Deadlift (Barbell)""",0,"""A""",,,5,lbs,4
2018-10-29 16:00:57,125,,,"""Deadlift (Barbell)""",0,"""A""",,,8,lbs,5
2018-10-29 16:00:57,27.5,,,"""Bent Over Row (Dumbbell)""",0,"""A""","""""",,5,lbs,1
2018-10-29 16:00:57,30,,,"""Bent Over Row (Dumbbell)""",0,"""A""",,,5,lbs,2
2018-10-29 16:00:57,35,,,"""Bent Over Row (Dumbbell)""",0,"""A""",,,5,lbs,3
2018-10-29 16:00:57,40,,,"""Bent Over Row (Dumbbell)""",0,"""A""",,,5,lbs,4
2018-10-29 16:00:57,45,,,"""Bent Over Row (Dumbbell)""",0,"""A""",,,9,lbs,5
2018-10-29 16:00:57,20,,,"""Overhead Press (Dumbbell)""",0,"""A""","""""",,5,lbs,1
2018-10-29 16:00:57,22.5,,,"""Overhead Press (Dumbbell)""",0,"""A""",,,5,lbs,2
2018-10-29 16:00:57,25,,,"""Overhead Press (Dumbbell)""",0,"""A""",,,5,lbs,3
2018-10-29 16:00:57,27.5,,,"""Overhead Press (Dumbbell)""",0,"""A""",,,5,lbs,4
2018-10-29 16:00:57,30,,,"""Overhead Press (Dumbbell)""",0,"""A""",,,10,lbs,5
2018-10-27 15:14:48,22.5,,"""""","""Squat (Barbell)""",0,"""B""","""""",,5,lbs,1
2018-10-27 15:14:48,25,,,"""Squat (Barbell)""",0,"""B""",,,5,lbs,2
2018-10-27 15:14:48,27.5,,,"""Squat (Barbell)""",0,"""B""",,,5,lbs,3
2018-10-27 15:14:48,30,,,"""Squat (Barbell)""",0,"""B""",,,5,lbs,4
2018-10-27 15:14:48,32.5,,,"""Squat (Barbell)""",0,"""B""",,,7,lbs,5
2018-10-27 15:14:48,27.5,,,"""Bench Press (Dumbbell)""",0,"""B""","""""",,5,lbs,1
2018-10-27 15:14:48,30,,,"""Bench Press (Dumbbell)""",0,"""B""",,,5,lbs,2
2018-10-27 15:14:48,35,,,"""Bench Press (Dumbbell)""",0,"""B""",,,5,lbs,3
2018-10-27 15:14:48,40,,,"""Bench Press (Dumbbell)""",0,"""B""",,,5,lbs,4
2018-10-27 15:14:48,45,,,"""Bench Press (Dumbbell)""",0,"""B""",,,4,lbs,5
2018-10-27 15:14:48,0,,,"""Pull Up""",0,"""B""","""""",,11,lbs,1
2018-10-27 15:14:48,0,,,"""Pull Up""",0,"""B""",,,5,lbs,2
2018-10-20 15:05:17,85,,"""""","""Deadlift (Barbell)""",0,"""A""","""""",,5,lbs,1
2018-10-20 15:05:17,95,,,"""Deadlift (Barbell)""",0,"""A""",,,5,lbs,2
2018-10-20 15:05:17,105,,,"""Deadlift (Barbell)""",0,"""A""",,,5,lbs,3
2018-10-20 15:05:17,115,,,"""Deadlift (Barbell)""",0,"""A""",,,5,lbs,4
2018-10-20 15:05:17,125,,,"""Deadlift (Barbell)""",0,"""A""",,,5,lbs,5
2018-10-20 15:05:17,27.5,,,"""Bent Over Row (Dumbbell)""",0,"""A""","""""",,5,lbs,1
2018-10-20 15:05:17,30,,,"""Bent Over Row (Dumbbell)""",0,"""A""",,,5,lbs,2
2018-10-20 15:05:17,35,,,"""Bent Over Row (Dumbbell)""",0,"""A""",,,5,lbs,3
2018-10-20 15:05:17,40,,,"""Bent Over Row (Dumbbell)""",0,"""A""",,,5,lbs,4
2018-10-20 15:05:17,45,,,"""Bent Over Row (Dumbbell)""",0,"""A""",,,8,lbs,5
2018-10-20 15:05:17,20,,,"""Overhead Press (Dumbbell)""",0,"""A""","""""",,5,lbs,1
2018-10-20 15:05:17,22.5,,,"""Overhead Press (Dumbbell)""",0,"""A""",,,5,lbs,2
2018-10-20 15:05:17,25,,,"""Overhead Press (Dumbbell)""",0,"""A""",,,5,lbs,3
2018-10-20 15:05:17,27.5,,,"""Overhead Press (Dumbbell)""",0,"""A""",,,5,lbs,4
2018-10-20 15:05:17,30,,,"""Overhead Press (Dumbbell)""",0,"""A""",,,9,lbs,5
2018-10-17 04:37:32,22.5,,"""""","""Squat (Barbell)""",0,"""B""","""""",,5,lbs,1
2018-10-17 04:37:32,25,,,"""Squat (Barbell)""",0,"""B""",,,5,lbs,2
2018-10-17 04:37:32,27.5,,,"""Squat (Barbell)""",0,"""B""",,,5,lbs,3
2018-10-17 04:37:32,30,,,"""Squat (Barbell)""",0,"""B""",,,5,lbs,4
2018-10-17 04:37:32,32.5,,,"""Squat (Barbell)""",0,"""B""",,,7,lbs,5
2018-10-17 04:37:32,27.5,,,"""Bench Press (Dumbbell)""",0,"""B""","""""",,5,lbs,1
2018-10-17 04:37:32,30,,,"""Bench Press (Dumbbell)""",0,"""B""",,,5,lbs,2
2018-10-17 04:37:32,35,,,"""Bench Press (Dumbbell)""",0,"""B""",,,5,lbs,3
2018-10-17 04:37:32,40,,,"""Bench Press (Dumbbell)""",0,"""B""",,,5,lbs,4
2018-10-17 04:37:32,45,,,"""Bench Press (Dumbbell)""",0,"""B""",,,5,lbs,5
2018-10-17 04:37:32,0,,,"""Pull Up""",0,"""B""","""""",,11,lbs,1
2018-10-17 04:37:32,0,,,"""Pull Up""",0,"""B""",,,6,lbs,2
2018-10-12 16:12:31,75,,"""""","""Deadlift (Barbell)""",0,"""A""","""""",,5,lbs,1
2018-10-12 16:12:31,85,,,"""Deadlift (Barbell)""",0,"""A""",,,5,lbs,2
2018-10-12 16:12:31,95,,,"""Deadlift (Barbell)""",0,"""A""",,,5,lbs,3
2018-10-12 16:12:31,105,,,"""Deadlift (Barbell)""",0,"""A""",,,5,lbs,4
2018-10-12 16:12:31,115,,,"""Deadlift (Barbell)""",0,"""A""",,,10,lbs,5
2018-10-12 16:12:31,27.5,,,"""Bent Over Row (Dumbbell)""",0,"""A""","""""",,5,lbs,1
2018-10-12 16:12:31,30,,,"""Bent Over Row (Dumbbell)""",0,"""A""",,,5,lbs,2
2018-10-12 16:12:31,35,,,"""Bent Over Row (Dumbbell)""",0,"""A""",,,5,lbs,3
2018-10-12 16:12:31,40,,,"""Bent Over Row (Dumbbell)""",0,"""A""",,,5,lbs,4
2018-10-12 16:12:31,45,,,"""Bent Over Row (Dumbbell)""",0,"""A""",,,8,lbs,5
2018-10-12 16:12:31,20,,,"""Overhead Press (Dumbbell)""",0,"""A""","""""",,5,lbs,1
2018-10-12 16:12:31,22.5,,,"""Overhead Press (Dumbbell)""",0,"""A""",,,5,lbs,2
2018-10-12 16:12:31,25,,,"""Overhead Press (Dumbbell)""",0,"""A""",,,5,lbs,3
2018-10-12 16:12:31,27.5,,,"""Overhead Press (Dumbbell)""",0,"""A""",,,5,lbs,4
2018-10-12 16:12:31,30,,,"""Overhead Press (Dumbbell)""",0,"""A""",,,8,lbs,5
2018-10-10 19:59:20,22.5,,"""""","""Squat (Barbell)""",0,"""B""","""""",,5,lbs,1
2018-10-10 19:59:20,25,,,"""Squat (Barbell)""",0,"""B""",,,5,lbs,2
2018-10-10 19:59:20,27.5,,,"""Squat (Barbell)""",0,"""B""",,,5,lbs,3
2018-10-10 19:59:20,30,,,"""Squat (Barbell)""",0,"""B""",,,5,lbs,4
2018-10-10 19:59:20,32.5,,,"""Squat (Barbell)""",0,"""B""",,,8,lbs,5
2018-10-10 19:59:20,27.5,,,"""Bench Press (Dumbbell)""",0,"""B""","""""",,5,lbs,1
2018-10-10 19:59:20,30,,,"""Bench Press (Dumbbell)""",0,"""B""",,,5,lbs,2
2018-10-10 19:59:20,35,,,"""Bench Press (Dumbbell)""",0,"""B""",,,5,lbs,3
2018-10-10 19:59:20,40,,,"""Bench Press (Dumbbell)""",0,"""B""",,,5,lbs,4
2018-10-10 19:59:20,45,,,"""Bench Press (Dumbbell)""",0,"""B""",,,6,lbs,5
2018-10-10 19:59:20,0,,,"""Pull Up""",0,"""B""","""""",,12,lbs,1
2018-10-10 19:59:20,0,,,"""Pull Up""",0,"""B""",,,6,lbs,2
2018-10-08 17:11:11,65,,"""""","""Deadlift (Barbell)""",0,"""A""","""CHANGE: corrected form""",,5,lbs,1
2018-10-08 17:11:11,75,,,"""Deadlift (Barbell)""",0,"""A""",,,5,lbs,2
2018-10-08 17:11:11,85,,,"""Deadlift (Barbell)""",0,"""A""",,,5,lbs,3
2018-10-08 17:11:11,95,,,"""Deadlift (Barbell)""",0,"""A""",,,5,lbs,4
2018-10-08 17:11:11,105,,,"""Deadlift (Barbell)""",0,"""A""",,,11,lbs,5
2018-10-08 17:11:11,27.5,,,"""Bent Over Row (Dumbbell)""",0,"""A""","""""",,5,lbs,1
2018-10-08 17:11:11,30,,,"""Bent Over Row (Dumbbell)""",0,"""A""",,,5,lbs,2
2018-10-08 17:11:11,35,,,"""Bent Over Row (Dumbbell)""",0,"""A""",,,5,lbs,3
2018-10-08 17:11:11,40,,,"""Bent Over Row (Dumbbell)""",0,"""A""",,,5,lbs,4
2018-10-08 17:11:11,45,,,"""Bent Over Row (Dumbbell)""",0,"""A""",,,7,lbs,5
2018-10-08 17:11:11,20,,,"""Overhead Press (Dumbbell)""",0,"""A""","""""",,5,lbs,1
2018-10-08 17:11:11,22.5,,,"""Overhead Press (Dumbbell)""",0,"""A""",,,5,lbs,2
2018-10-08 17:11:11,25,,,"""Overhead Press (Dumbbell)""",0,"""A""",,,5,lbs,3
2018-10-08 17:11:11,27.5,,,"""Overhead Press (Dumbbell)""",0,"""A""",,,5,lbs,4
2018-10-08 17:11:11,30,,,"""Overhead Press (Dumbbell)""",0,"""A""",,,8,lbs,5
2018-10-03 16:00:08,22.5,,"""""","""Squat (Barbell)""",0,"""B""","""""",,5,lbs,1
2018-10-03 16:00:08,25,,,"""Squat (Barbell)""",0,"""B""",,,5,lbs,2
2018-10-03 16:00:08,27.5,,,"""Squat (Barbell)""",0,"""B""",,,5,lbs,3
2018-10-03 16:00:08,30,,,"""Squat (Barbell)""",0,"""B""",,,5,lbs,4
2018-10-03 16:00:08,32.5,,,"""Squat (Barbell)""",0,"""B""",,,8,lbs,5
2018-10-03 16:00:08,27.5,,,"""Bench Press (Dumbbell)""",0,"""B""","""""",,5,lbs,1
2018-10-03 16:00:08,30,,,"""Bench Press (Dumbbell)""",0,"""B""",,,5,lbs,2
2018-10-03 16:00:08,35,,,"""Bench Press (Dumbbell)""",0,"""B""",,,5,lbs,3
2018-10-03 16:00:08,40,,,"""Bench Press (Dumbbell)""",0,"""B""",,,5,lbs,4
2018-10-03 16:00:08,45,,,"""Bench Press (Dumbbell)""",0,"""B""",,,5,lbs,5
2018-10-03 16:00:08,0,,,"""Pull Up""",0,"""B""","""""",,12,lbs,1
2018-10-03 16:00:08,0,,,"""Pull Up""",0,"""B""",,,7,lbs,2
2018-10-01 15:59:06,65,,"""""","""Deadlift (Barbell)""",0,"""A""","""""",,5,lbs,1
2018-10-01 15:59:06,75,,,"""Deadlift (Barbell)""",0,"""A""",,,5,lbs,2
2018-10-01 15:59:06,85,,,"""Deadlift (Barbell)""",0,"""A""",,,5,lbs,3
2018-10-01 15:59:06,95,,,"""Deadlift (Barbell)""",0,"""A""",,,5,lbs,4
2018-10-01 15:59:06,105,,,"""Deadlift (Barbell)""",0,"""A""",,,10,lbs,5
2018-10-01 15:59:06,27.5,,,"""Bent Over Row (Dumbbell)""",0,"""A""","""""",,5,lbs,1
2018-10-01 15:59:06,30,,,"""Bent Over Row (Dumbbell)""",0,"""A""",,,5,lbs,2
2018-10-01 15:59:06,35,,,"""Bent Over Row (Dumbbell)""",0,"""A""",,,5,lbs,3
2018-10-01 15:59:06,40,,,"""Bent Over Row (Dumbbell)""",0,"""A""",,,5,lbs,4
2018-10-01 15:59:06,45,,,"""Bent Over Row (Dumbbell)""",0,"""A""",,,7,lbs,5
2018-10-01 15:59:06,20,,,"""Overhead Press (Dumbbell)""",0,"""A""","""""",,5,lbs,1
2018-10-01 15:59:06,22.5,,,"""Overhead Press (Dumbbell)""",0,"""A""",,,5,lbs,2
2018-10-01 15:59:06,25,,,"""Overhead Press (Dumbbell)""",0,"""A""",,,5,lbs,3
2018-10-01 15:59:06,27.5,,,"""Overhead Press (Dumbbell)""",0,"""A""",,,5,lbs,4
2018-10-01 15:59:06,30,,,"""Overhead Press (Dumbbell)""",0,"""A""",,,8,lbs,5
2018-09-24 17:05:17,20,,"""""","""Squat (Barbell)""",0,"""B""","""""",,5,lbs,1
2018-09-24 17:05:17,22.5,,,"""Squat (Barbell)""",0,"""B""",,,5,lbs,2
2018-09-24 17:05:17,25,,,"""Squat (Barbell)""",0,"""B""",,,5,lbs,3
2018-09-24 17:05:17,27.5,,,"""Squat (Barbell)""",0,"""B""",,,5,lbs,4
2018-09-24 17:05:17,30,,,"""Squat (Barbell)""",0,"""B""",,,10,lbs,5
2018-09-24 17:05:17,25,,,"""Bench Press (Dumbbell)""",0,"""B""","""""",,5,lbs,1
2018-09-24 17:05:17,27.5,,,"""Bench Press (Dumbbell)""",0,"""B""",,,5,lbs,2
2018-09-24 17:05:17,30,,,"""Bench Press (Dumbbell)""",0,"""B""",,,5,lbs,3
2018-09-24 17:05:17,35,,,"""Bench Press (Dumbbell)""",0,"""B""",,,5,lbs,4
2018-09-24 17:05:17,40,,,"""Bench Press (Dumbbell)""",0,"""B""",,,10,lbs,5
2018-09-24 17:05:17,0,,,"""Pull Up""",0,"""B""","""""",,13,lbs,1
2018-09-24 17:05:17,0,,,"""Pull Up""",0,"""B""",,,7,lbs,2
2018-09-21 16:12:11,65,,"""""","""Deadlift (Barbell)""",0,"""A""","""""",,5,lbs,1
2018-09-21 16:12:11,75,,,"""Deadlift (Barbell)""",0,"""A""",,,5,lbs,2
2018-09-21 16:12:11,85,,,"""Deadlift (Barbell)""",0,"""A""",,,5,lbs,3
2018-09-21 16:12:11,95,,,"""Deadlift (Barbell)""",0,"""A""",,,5,lbs,4
2018-09-21 16:12:11,105,,,"""Deadlift (Barbell)""",0,"""A""",,,7,lbs,5
2018-09-21 16:12:11,27.5,,,"""Bent Over Row (Dumbbell)""",0,"""A""","""""",,5,lbs,1
2018-09-21 16:12:11,30,,,"""Bent Over Row (Dumbbell)""",0,"""A""",,,5,lbs,2
2018-09-21 16:12:11,35,,,"""Bent Over Row (Dumbbell)""",0,"""A""",,,5,lbs,3
2018-09-21 16:12:11,40,,,"""Bent Over Row (Dumbbell)""",0,"""A""",,,5,lbs,4
2018-09-21 16:12:11,45,,,"""Bent Over Row (Dumbbell)""",0,"""A""",,,8,lbs,5
2018-09-21 16:12:11,20,,,"""Overhead Press (Dumbbell)""",0,"""A""","""""",,5,lbs,1
2018-09-21 16:12:11,22.5,,,"""Overhead Press (Dumbbell)""",0,"""A""",,,5,lbs,2
2018-09-21 16:12:11,25,,,"""Overhead Press (Dumbbell)""",0,"""A""",,,5,lbs,3
2018-09-21 16:12:11,27.5,,,"""Overhead Press (Dumbbell)""",0,"""A""",,,5,lbs,4
2018-09-21 16:12:11,30,,,"""Overhead Press (Dumbbell)""",0,"""A""",,,7,lbs,5
2018-09-19 16:20:25,20,,"""""","""Squat (Barbell)""",0,"""B""","""""",,5,lbs,1
2018-09-19 16:20:25,22.5,,,"""Squat (Barbell)""",0,"""B""",,,5,lbs,2
2018-09-19 16:20:25,25,,,"""Squat (Barbell)""",0,"""B""",,,5,lbs,3
2018-09-19 16:20:25,27.5,,,"""Squat (Barbell)""",0,"""B""",,,5,lbs,4
2018-09-19 16:20:25,30,,,"""Squat (Barbell)""",0,"""B""",,,8,lbs,5
2018-09-19 16:20:25,25,,,"""Bench Press (Dumbbell)""",0,"""B""","""""",,5,lbs,1
2018-09-19 16:20:25,27.5,,,"""Bench Press (Dumbbell)""",0,"""B""",,,5,lbs,2
2018-09-19 16:20:25,30,,,"""Bench Press (Dumbbell)""",0,"""B""",,,5,lbs,3
2018-09-19 16:20:25,35,,,"""Bench Press (Dumbbell)""",0,"""B""",,,5,lbs,4
2018-09-19 16:20:25,40,,,"""Bench Press (Dumbbell)""",0,"""B""",,,8,lbs,5
2018-09-19 16:20:25,0,,,"""Pull Up""",0,"""B""","""""",,12,lbs,1
2018-09-19 16:20:25,0,,,"""Pull Up""",0,"""B""",,,6,lbs,2
2018-09-17 16:01:58,65,,"""""","""Deadlift (Barbell)""",0,"""A""","""""",,5,lbs,1
2018-09-17 16:01:58,75,,,"""Deadlift (Barbell)""",0,"""A""",,,5,lbs,2
2018-09-17 16:01:58,85,,,"""Deadlift (Barbell)""",0,"""A""",,,5,lbs,3
2018-09-17 16:01:58,95,,,"""Deadlift (Barbell)""",0,"""A""",,,5,lbs,4
2018-09-17 16:01:58,105,,,"""Deadlift (Barbell)""",0,"""A""",,,7,lbs,5
2018-09-17 16:01:58,27.5,,,"""Bent Over Row (Dumbbell)""",0,"""A""","""""",,5,lbs,1
2018-09-17 16:01:58,30,,,"""Bent Over Row (Dumbbell)""",0,"""A""",,,5,lbs,2
2018-09-17 16:01:58,35,,,"""Bent Over Row (Dumbbell)""",0,"""A""",,,5,lbs,3
2018-09-17 16:01:58,40,,,"""Bent Over Row (Dumbbell)""",0,"""A""",,,5,lbs,4
2018-09-17 16:01:58,45,,,"""Bent Over Row (Dumbbell)""",0,"""A""",,,7,lbs,5
2018-09-17 16:01:58,20,,,"""Overhead Press (Dumbbell)""",0,"""A""","""""",,5,lbs,1
2018-09-17 16:01:58,22.5,,,"""Overhead Press (Dumbbell)""",0,"""A""",,,5,lbs,2
2018-09-17 16:01:58,25,,,"""Overhead Press (Dumbbell)""",0,"""A""",,,5,lbs,3
2018-09-17 16:01:58,27.5,,,"""Overhead Press (Dumbbell)""",0,"""A""",,,5,lbs,4
2018-09-17 16:01:58,30,,,"""Overhead Press (Dumbbell)""",0,"""A""",,,5,lbs,5
2018-09-13 03:20:56,20,,"""""","""Squat (Barbell)""",0,"""B""","""""",,5,lbs,1
2018-09-13 03:20:56,22.5,,,"""Squat (Barbell)""",0,"""B""",,,5,lbs,2
2018-09-13 03:20:56,25,,,"""Squat (Barbell)""",0,"""B""",,,5,lbs,3
2018-09-13 03:20:56,27.5,,,"""Squat (Barbell)""",0,"""B""",,,5,lbs,4
2018-09-13 03:20:56,30,,,"""Squat (Barbell)""",0,"""B""",,,6,lbs,5
2018-09-13 03:20:56,25,,,"""Bench Press (Dumbbell)""",0,"""B""","""""",,5,lbs,1
2018-09-13 03:20:56,27.5,,,"""Bench Press (Dumbbell)""",0,"""B""",,,5,lbs,2
2018-09-13 03:20:56,30,,,"""Bench Press (Dumbbell)""",0,"""B""",,,5,lbs,3
2018-09-13 03:20:56,35,,,"""Bench Press (Dumbbell)""",0,"""B""",,,5,lbs,4
2018-09-13 03:20:56,40,,,"""Bench Press (Dumbbell)""",0,"""B""",,,9,lbs,5
2018-09-13 03:20:56,0,,,"""Pull Up""",0,"""B""","""""",,12,lbs,1
2018-09-13 03:20:56,0,,,"""Pull Up""",0,"""B""",,,6,lbs,2
2018-09-10 04:00:21,65,,"""""","""Deadlift (Barbell)""",0,"""A""","""""",,5,lbs,1
2018-09-10 04:00:21,75,,,"""Deadlift (Barbell)""",0,"""A""",,,5,lbs,2
2018-09-10 04:00:21,85,,,"""Deadlift (Barbell)""",0,"""A""",,,5,lbs,3
2018-09-10 04:00:21,95,,,"""Deadlift (Barbell)""",0,"""A""",,,5,lbs,4
2018-09-10 04:00:21,105,,,"""Deadlift (Barbell)""",0,"""A""",,,7,lbs,5
2018-09-10 04:00:21,27.5,,,"""Bent Over Row (Dumbbell)""",0,"""A""","""""",,5,lbs,1
2018-09-10 04:00:21,30,,,"""Bent Over Row (Dumbbell)""",0,"""A""",,,5,lbs,2
2018-09-10 04:00:21,35,,,"""Bent Over Row (Dumbbell)""",0,"""A""",,,5,lbs,3
2018-09-10 04:00:21,40,,,"""Bent Over Row (Dumbbell)""",0,"""A""",,,5,lbs,4
2018-09-10 04:00:21,45,,,"""Bent Over Row (Dumbbell)""",0,"""A""",,,6,lbs,5
2018-09-10 04:00:21,20,,,"""Overhead Press (Dumbbell)""",0,"""A""","""""",,5,lbs,1
2018-09-10 04:00:21,22.5,,,"""Overhead Press (Dumbbell)""",0,"""A""",,,5,lbs,2
2018-09-10 04:00:21,25,,,"""Overhead Press (Dumbbell)""",0,"""A""",,,5,lbs,3
2018-09-10 04:00:21,27.5,,,"""Overhead Press (Dumbbell)""",0,"""A""",,,5,lbs,4
2018-09-10 04:00:21,30,,,"""Overhead Press (Dumbbell)""",0,"""A""",,,6,lbs,5
2018-09-07 16:04:38,17.5,,"""""","""Squat (Barbell)""",0,"""B""","""""",,5,lbs,1
2018-09-07 16:04:38,20,,,"""Squat (Barbell)""",0,"""B""",,,5,lbs,2
2018-09-07 16:04:38,22.5,,,"""Squat (Barbell)""",0,"""B""",,,5,lbs,3
2018-09-07 16:04:38,25,,,"""Squat (Barbell)""",0,"""B""",,,5,lbs,4
2018-09-07 16:04:38,27.5,,,"""Squat (Barbell)""",0,"""B""",,,10,lbs,5
2018-09-07 16:04:38,25,,,"""Bench Press (Dumbbell)""",0,"""B""","""CHANGE: 30 sec on 4th""",,5,lbs,1
2018-09-07 16:04:38,27.5,,,"""Bench Press (Dumbbell)""",0,"""B""",,,5,lbs,2
2018-09-07 16:04:38,30,,,"""Bench Press (Dumbbell)""",0,"""B""",,,5,lbs,3
2018-09-07 16:04:38,35,,,"""Bench Press (Dumbbell)""",0,"""B""",,,5,lbs,4
2018-09-07 16:04:38,40,,,"""Bench Press (Dumbbell)""",0,"""B""",,,8,lbs,5
2018-09-07 16:04:38,0,,,"""Pull Up""",0,"""B""","""CHANGE: chest to get touch bar""",,10,lbs,1
2018-09-07 16:04:38,0,,,"""Pull Up""",0,"""B""",,,6,lbs,2
2018-09-05 16:03:53,65,,"""""","""Deadlift (Barbell)""",0,"""A""",""" CHANGE:  1st day rolla""",,5,lbs,1
2018-09-05 16:03:53,75,,,"""Deadlift (Barbell)""",0,"""A""",,,5,lbs,2
2018-09-05 16:03:53,85,,,"""Deadlift (Barbell)""",0,"""A""",,,5,lbs,3
2018-09-05 16:03:53,95,,,"""Deadlift (Barbell)""",0,"""A""",,,5,lbs,4
2018-09-05 16:03:53,103,,,"""Deadlift (Barbell)""",0,"""A""",,,5,lbs,5
2018-09-05 16:03:53,25,,,"""Bent Over Row (Dumbbell)""",0,"""A""","""CHANGE: 1st day rolla""",,5,lbs,1
2018-09-05 16:03:53,27.5,,,"""Bent Over Row (Dumbbell)""",0,"""A""",,,5,lbs,2
2018-09-05 16:03:53,30,,,"""Bent Over Row (Dumbbell)""",0,"""A""",,,5,lbs,3
2018-09-05 16:03:53,35,,,"""Bent Over Row (Dumbbell)""",0,"""A""",,,5,lbs,4
2018-09-05 16:03:53,40,,,"""Bent Over Row (Dumbbell)""",0,"""A""",,,10,lbs,5
2018-09-05 16:03:53,17.5,,,"""Overhead Press (Dumbbell)""",0,"""A""","""CHANGE: 1ST day rolla""",,5,lbs,1
2018-09-05 16:03:53,20,,,"""Overhead Press (Dumbbell)""",0,"""A""",,,5,lbs,2
2018-09-05 16:03:53,22.5,,,"""Overhead Press (Dumbbell)""",0,"""A""",,,5,lbs,3
2018-09-05 16:03:53,25,,,"""Overhead Press (Dumbbell)""",0,"""A""",,,5,lbs,4
2018-09-05 16:03:53,27.5,,,"""Overhead Press (Dumbbell)""",0,"""A""",,,10,lbs,5
2018-08-31 16:07:47,17.5,,"""""","""Squat (Barbell)""",0,"""B""","""CHANGE: NEW GYM ROLLA""",,5,lbs,1
2018-08-31 16:07:47,20,,,"""Squat (Barbell)""",0,"""B""",,,5,lbs,2
2018-08-31 16:07:47,22.5,,,"""Squat (Barbell)""",0,"""B""",,,5,lbs,3
2018-08-31 16:07:47,25,,,"""Squat (Barbell)""",0,"""B""",,,5,lbs,4
2018-08-31 16:07:47,27.5,,,"""Squat (Barbell)""",0,"""B""",,,8,lbs,5
2018-08-31 16:07:47,25,,,"""Bench Press (Dumbbell)""",0,"""B""","""""",,5,lbs,1
2018-08-31 16:07:47,27.5,,,"""Bench Press (Dumbbell)""",0,"""B""",,,5,lbs,2
2018-08-31 16:07:47,30,,,"""Bench Press (Dumbbell)""",0,"""B""",,,5,lbs,3
2018-08-31 16:07:47,35,,,"""Bench Press (Dumbbell)""",0,"""B""",,,5,lbs,4
2018-08-31 16:07:47,40,,,"""Bench Press (Dumbbell)""",0,"""B""",,,6,lbs,5
2018-08-31 16:07:47,0,,,"""Pull Up""",0,"""B""","""""",,10,lbs,1
2018-08-31 16:07:47,0,,,"""Pull Up""",0,"""B""",,,6,lbs,2
2018-08-29 16:11:47,65,,"""""","""Deadlift (Barbell)""",0,"""A""","""""",,5,lbs,1
2018-08-29 16:11:47,75,,,"""Deadlift (Barbell)""",0,"""A""",,,5,lbs,2
2018-08-29 16:11:47,85,,,"""Deadlift (Barbell)""",0,"""A""",,,5,lbs,3
2018-08-29 16:11:47,95,,,"""Deadlift (Barbell)""",0,"""A""",,,5,lbs,4
2018-08-29 16:11:47,105,,,"""Deadlift (Barbell)""",0,"""A""",,,5,lbs,5
2018-08-29 16:11:47,22.5,,,"""Bent Over Row (Dumbbell)""",0,"""A""","""""",,5,lbs,1
2018-08-29 16:11:47,25,,,"""Bent Over Row (Dumbbell)""",0,"""A""",,,5,lbs,2
2018-08-29 16:11:47,27.5,,,"""Bent Over Row (Dumbbell)""",0,"""A""",,,5,lbs,3
2018-08-29 16:11:47,30,,,"""Bent Over Row (Dumbbell)""",0,"""A""",,,5,lbs,4
2018-08-29 16:11:47,35,,,"""Bent Over Row (Dumbbell)""",0,"""A""",,,15,lbs,5
2018-08-29 16:11:47,17.5,,,"""Overhead Press (Dumbbell)""",0,"""A""","""""",,5,lbs,1
2018-08-29 16:11:47,20,,,"""Overhead Press (Dumbbell)""",0,"""A""",,,5,lbs,2
2018-08-29 16:11:47,22.5,,,"""Overhead Press (Dumbbell)""",0,"""A""",,,5,lbs,3
2018-08-29 16:11:47,25,,,"""Overhead Press (Dumbbell)""",0,"""A""",,,5,lbs,4
2018-08-29 16:11:47,27.5,,,"""Overhead Press (Dumbbell)""",0,"""A""",,,9,lbs,5
2018-08-27 16:52:34,17.5,,"""""","""Squat (Barbell)""",0,"""B""","""""",,5,lbs,1
2018-08-27 16:52:34,20,,,"""Squat (Barbell)""",0,"""B""",,,5,lbs,2
2018-08-27 16:52:34,22.5,,,"""Squat (Barbell)""",0,"""B""",,,5,lbs,3
2018-08-27 16:52:34,25,,,"""Squat (Barbell)""",0,"""B""",,,5,lbs,4
2018-08-27 16:52:34,27.5,,,"""Squat (Barbell)""",0,"""B""",,,6,lbs,5
2018-08-27 16:52:34,22.5,,,"""Bench Press (Dumbbell)""",0,"""B""","""""",,5,lbs,1
2018-08-27 16:52:34,25,,,"""Bench Press (Dumbbell)""",0,"""B""",,,5,lbs,2
2018-08-27 16:52:34,27.5,,,"""Bench Press (Dumbbell)""",0,"""B""",,,5,lbs,3
2018-08-27 16:52:34,30,,,"""Bench Press (Dumbbell)""",0,"""B""",,,5,lbs,4
2018-08-27 16:52:34,35,,,"""Bench Press (Dumbbell)""",0,"""B""",,,14,lbs,5
2018-08-27 16:52:34,0,,,"""Pull Up""",0,"""B""","""""",,10,lbs,1
2018-08-27 16:52:34,0,,,"""Pull Up""",0,"""B""",,,5,lbs,2
2018-08-14 17:19:47,,5.9,"""ROUND: 5.88""","""Running""",0,"""Elliptical""","""""",,,,1
2018-08-13 17:00:01,50,,"""""","""Deadlift (Barbell)""",0,"""A""","""""",,5,lbs,1
2018-08-13 17:00:01,60,,,"""Deadlift (Barbell)""",0,"""A""",,,5,lbs,2
2018-08-13 17:00:01,70,,,"""Deadlift (Barbell)""",0,"""A""",,,5,lbs,3
2018-08-13 17:00:01,80,,,"""Deadlift (Barbell)""",0,"""A""",,,5,lbs,4
2018-08-13 17:00:01,90,,,"""Deadlift (Barbell)""",0,"""A""",,,7,lbs,5
2018-08-13 17:00:01,22.5,,,"""Bent Over Row (Dumbbell)""",0,"""A""","""""",,5,lbs,1
2018-08-13 17:00:01,25,,,"""Bent Over Row (Dumbbell)""",0,"""A""",,,5,lbs,2
2018-08-13 17:00:01,30,,,"""Bent Over Row (Dumbbell)""",0,"""A""",,,5,lbs,3
2018-08-13 17:00:01,35,,,"""Bent Over Row (Dumbbell)""",0,"""A""",,,5,lbs,4
2018-08-13 17:00:01,40,,,"""Bent Over Row (Dumbbell)""",0,"""A""",,,11,lbs,5
2018-08-13 17:00:01,17.5,,,"""Overhead Press (Dumbbell)""",0,"""A""","""""",,5,lbs,1
2018-08-13 17:00:01,20,,,"""Overhead Press (Dumbbell)""",0,"""A""",,,5,lbs,2
2018-08-13 17:00:01,22.5,,,"""Overhead Press (Dumbbell)""",0,"""A""",,,5,lbs,3
2018-08-13 17:00:01,25,,,"""Overhead Press (Dumbbell)""",0,"""A""",,,5,lbs,4
2018-08-13 17:00:01,30,,,"""Overhead Press (Dumbbell)""",0,"""A""",,,7,lbs,5
2018-08-10 17:35:29,17.5,,"""""","""Squat (Barbell)""",0,"""B""","""""",,5,lbs,1
2018-08-10 17:35:29,20,,,"""Squat (Barbell)""",0,"""B""",,,5,lbs,2
2018-08-10 17:35:29,22.5,,,"""Squat (Barbell)""",0,"""B""",,,5,lbs,3
2018-08-10 17:35:29,25,,,"""Squat (Barbell)""",0,"""B""",,,5,lbs,4
2018-08-10 17:35:29,27.5,,,"""Squat (Barbell)""",0,"""B""",,,6,lbs,5
2018-08-10 17:35:29,22.5,,,"""Bench Press (Dumbbell)""",0,"""B""","""""",,5,lbs,1
2018-08-10 17:35:29,25,,,"""Bench Press (Dumbbell)""",0,"""B""",,,5,lbs,2
2018-08-10 17:35:29,30,,,"""Bench Press (Dumbbell)""",0,"""B""",,,5,lbs,3
2018-08-10 17:35:29,35,,,"""Bench Press (Dumbbell)""",0,"""B""",,,5,lbs,4
2018-08-10 17:35:29,40,,,"""Bench Press (Dumbbell)""",0,"""B""",,,10,lbs,5
2018-08-10 17:35:29,0,,,"""Pull Up""",0,"""B""","""""",,11,lbs,1
2018-08-10 17:35:29,0,,,"""Pull Up""",0,"""B""",,,7,lbs,2
2018-08-08 16:52:32,50,,"""""","""Deadlift (Barbell)""",0,"""A""","""""",,5,lbs,1
2018-08-08 16:52:32,60,,,"""Deadlift (Barbell)""",0,"""A""",,,5,lbs,2
2018-08-08 16:52:32,70,,,"""Deadlift (Barbell)""",0,"""A""",,,5,lbs,3
2018-08-08 16:52:32,80,,,"""Deadlift (Barbell)""",0,"""A""",,,5,lbs,4
2018-08-08 16:52:32,90,,,"""Deadlift (Barbell)""",0,"""A""",,,7,lbs,5
2018-08-08 16:52:32,22.5,,,"""Bent Over Row (Dumbbell)""",0,"""A""","""""",,5,lbs,1
2018-08-08 16:52:32,25,,,"""Bent Over Row (Dumbbell)""",0,"""A""",,,5,lbs,2
2018-08-08 16:52:32,30,,,"""Bent Over Row (Dumbbell)""",0,"""A""",,,5,lbs,3
2018-08-08 16:52:32,35,,,"""Bent Over Row (Dumbbell)""",0,"""A""",,,5,lbs,4
2018-08-08 16:52:32,40,,,"""Bent Over Row (Dumbbell)""",0,"""A""",,,9,lbs,5
2018-08-08 16:52:32,17.5,,,"""Overhead Press (Dumbbell)""",0,"""A""","""""",,5,lbs,1
2018-08-08 16:52:32,20,,,"""Overhead Press (Dumbbell)""",0,"""A""",,,5,lbs,2
2018-08-08 16:52:32,22.5,,,"""Overhead Press (Dumbbell)""",0,"""A""",,,5,lbs,3
2018-08-08 16:52:32,25,,,"""Overhead Press (Dumbbell)""",0,"""A""",,,5,lbs,4
2018-08-08 16:52:32,30,,,"""Overhead Press (Dumbbell)""",0,"""A""",,,6,lbs,5
2018-08-07 16:15:41,,5.8,"""""","""Running""",2100,"""Elliptical""","""""",mi.,,,1
2018-08-06 17:31:54,15,,,"""Squat (Barbell)""",0,"""B""","""CHANGE: wait 30 sec before 4th set",,5,lbs,1
2018-08-06 17:31:54,17.5,,,"""Squat (Barbell)""",0,"""B""",,,5,lbs,2
2018-08-06 17:31:54,20,,,"""Squat (Barbell)""",0,"""B""",,,5,lbs,3
2018-08-06 17:31:54,22.5,,,"""Squat (Barbell)""",0,"""B""",,,5,lbs,4
2018-08-06 17:31:54,25,,,"""Squat (Barbell)""",0,"""B""",,,10,lbs,5
2018-08-06 17:31:54,22.5,,,"""Bench Press (Dumbbell)""",0,"""B""","""CHANGE: wait 45 sec before 4th set",,5,lbs,1
2018-08-06 17:31:54,25,,,"""Bench Press (Dumbbell)""",0,"""B""",,,5,lbs,2
2018-08-06 17:31:54,30,,,"""Bench Press (Dumbbell)""",0,"""B""",,,5,lbs,3
2018-08-06 17:31:54,35,,,"""Bench Press (Dumbbell)""",0,"""B""",,,5,lbs,4
2018-08-06 17:31:54,40,,,"""Bench Press (Dumbbell)""",0,"""B""",,,9,lbs,5
2018-08-06 17:31:54,0,,,"""Pull Up""",0,"""B""","""""",,11,lbs,1
2018-08-06 17:31:54,0,,,"""Pull Up""",0,"""B""",,,6,lbs,2
2018-08-03 18:48:05,50,,"""""","""Deadlift (Barbell)""",0,"""A""","""""",,5,lbs,1
2018-08-03 18:48:05,60,,,"""Deadlift (Barbell)""",0,"""A""",,,5,lbs,2
2018-08-03 18:48:05,70,,,"""Deadlift (Barbell)""",0,"""A""",,,5,lbs,3
2018-08-03 18:48:05,80,,,"""Deadlift (Barbell)""",0,"""A""",,,5,lbs,4
2018-08-03 18:48:05,90,,,"""Deadlift (Barbell)""",0,"""A""",,,8,lbs,5
2018-08-03 18:48:05,20,,,"""Bent Over Row (Dumbbell)""",0,"""A""","""""",,5,lbs,1
2018-08-03 18:48:05,22.5,,,"""Bent Over Row (Dumbbell)""",0,"""A""",,,5,lbs,2
2018-08-03 18:48:05,25,,,"""Bent Over Row (Dumbbell)""",0,"""A""",,,5,lbs,3
2018-08-03 18:48:05,30,,,"""Bent Over Row (Dumbbell)""",0,"""A""",,,5,lbs,4
2018-08-03 18:48:05,35,,,"""Bent Over Row (Dumbbell)""",0,"""A""",,,11,lbs,5
2018-08-03 18:48:05,17.5,,,"""Overhead Press (Dumbbell)""",0,"""A""","""""",,5,lbs,1
2018-08-03 18:48:05,20,,,"""Overhead Press (Dumbbell)""",0,"""A""",,,5,lbs,2
2018-08-03 18:48:05,22.5,,,"""Overhead Press (Dumbbell)""",0,"""A""",,,5,lbs,3
2018-08-03 18:48:05,25,,,"""Overhead Press (Dumbbell)""",0,"""A""",,,5,lbs,4
2018-08-03 18:48:05,30,,,"""Overhead Press (Dumbbell)""",0,"""A""",,,6,lbs,5
2018-08-02 17:07:03,,4.8,"""""","""Running""",2100,"""Elliptical""","""""",mi.,,,1
2018-08-01 16:56:33,15,,"""""","""Squat (Barbell)""",0,"""B""","""""",,5,lbs,1
2018-08-01 16:56:33,17.5,,,"""Squat (Barbell)""",0,"""B""",,,5,lbs,2
2018-08-01 16:56:33,20,,,"""Squat (Barbell)""",0,"""B""",,,5,lbs,3
2018-08-01 16:56:33,22.5,,,"""Squat (Barbell)""",0,"""B""",,,5,lbs,4
2018-08-01 16:56:33,25,,,"""Squat (Barbell)""",0,"""B""",,,7,lbs,5
2018-08-01 16:56:33,22.5,,,"""Bench Press (Dumbbell)""",0,"""B""","""""",,5,lbs,1
2018-08-01 16:56:33,25,,,"""Bench Press (Dumbbell)""",0,"""B""",,,5,lbs,2
2018-08-01 16:56:33,30,,,"""Bench Press (Dumbbell)""",0,"""B""",,,5,lbs,3
2018-08-01 16:56:33,35,,,"""Bench Press (Dumbbell)""",0,"""B""",,,5,lbs,4
2018-08-01 16:56:33,40,,,"""Bench Press (Dumbbell)""",0,"""B""",,,8,lbs,5
2018-08-01 16:56:33,0,,,"""Pull Up""",0,"""B""","""""",,12,lbs,1
2018-08-01 16:56:33,0,,,"""Pull Up""",0,"""B""",,,7,lbs,2
2018-07-31 17:36:30,,4.3,"""""","""Running""",0,"""Elliptical""","""""",,,,1
2018-07-30 17:37:32,50,,"""""","""Deadlift (Barbell)""",0,"""A""","""BAD FORM: did 7 but was probably curving back""",,5,lbs,1
2018-07-30 17:37:32,60,,,"""Deadlift (Barbell)""",0,"""A""",,,5,lbs,2
2018-07-30 17:37:32,70,,,"""Deadlift (Barbell)""",0,"""A""",,,5,lbs,3
2018-07-30 17:37:32,80,,,"""Deadlift (Barbell)""",0,"""A""",,,5,lbs,4
2018-07-30 17:37:32,90,,,"""Deadlift (Barbell)""",0,"""A""",,,7,lbs,5
2018-07-30 17:37:32,17.5,,,"""Bent Over Row (Dumbbell)""",0,"""A""","""""",,5,lbs,1
2018-07-30 17:37:32,20,,,"""Bent Over Row (Dumbbell)""",0,"""A""",,,5,lbs,2
2018-07-30 17:37:32,22.5,,,"""Bent Over Row (Dumbbell)""",0,"""A""",,,5,lbs,3
2018-07-30 17:37:32,25,,,"""Bent Over Row (Dumbbell)""",0,"""A""",,,5,lbs,4
2018-07-30 17:37:32,30,,,"""Bent Over Row (Dumbbell)""",0,"""A""",,,11,lbs,5
2018-07-30 17:37:32,17.5,,,"""Overhead Press (Dumbbell)""",0,"""A""","""""",,5,lbs,1
2018-07-30 17:37:32,20,,,"""Overhead Press (Dumbbell)""",0,"""A""",,,5,lbs,2
2018-07-30 17:37:32,22.5,,,"""Overhead Press (Dumbbell)""",0,"""A""",,,5,lbs,3
2018-07-30 17:37:32,25,,,"""Overhead Press (Dumbbell)""",0,"""A""",,,5,lbs,4
2018-07-30 17:37:32,30,,,"""Overhead Press (Dumbbell)""",0,"""A""",,,8,lbs,5
2018-07-27 15:23:05,15,,"""""","""Squat (Barbell)""",0,"""B""","""""",,5,lbs,1
2018-07-27 15:23:05,17.5,,,"""Squat (Barbell)""",0,"""B""",,,5,lbs,2
2018-07-27 15:23:05,20,,,"""Squat (Barbell)""",0,"""B""",,,5,lbs,3
2018-07-27 15:23:05,22.5,,,"""Squat (Barbell)""",0,"""B""",,,5,lbs,4
2018-07-27 15:23:05,25,,,"""Squat (Barbell)""",0,"""B""",,,9,lbs,5
2018-07-27 15:23:05,22.5,,,"""Bench Press (Dumbbell)""",0,"""B""","""""",,5,lbs,1
2018-07-27 15:23:05,25,,,"""Bench Press (Dumbbell)""",0,"""B""",,,5,lbs,2
2018-07-27 15:23:05,30,,,"""Bench Press (Dumbbell)""",0,"""B""",,,5,lbs,3
2018-07-27 15:23:05,35,,,"""Bench Press (Dumbbell)""",0,"""B""",,,5,lbs,4
2018-07-27 15:23:05,40,,,"""Bench Press (Dumbbell)""",0,"""B""",,,6,lbs,5
2018-07-27 15:23:05,0,,,"""Pull Up""",0,"""B""","""""",,10,lbs,1
2018-07-27 15:23:05,0,,,"""Pull Up""",0,"""B""",,,5,lbs,2
2018-07-25 16:58:00,50,,"""""","""Deadlift (Barbell)""",0,"""A""","""""",,5,lbs,1
2018-07-25 16:58:00,60,,,"""Deadlift (Barbell)""",0,"""A""",,,5,lbs,2
2018-07-25 16:58:00,70,,,"""Deadlift (Barbell)""",0,"""A""",,,5,lbs,3
2018-07-25 16:58:00,80,,,"""Deadlift (Barbell)""",0,"""A""",,,5,lbs,4
2018-07-25 16:58:00,90,,,"""Deadlift (Barbell)""",0,"""A""",,,6,lbs,5
2018-07-25 16:58:00,17.5,,,"""Bent Over Row (Dumbbell)""",0,"""A""","""""",,5,lbs,1
2018-07-25 16:58:00,20,,,"""Bent Over Row (Dumbbell)""",0,"""A""",,,5,lbs,2
2018-07-25 16:58:00,22.5,,,"""Bent Over Row (Dumbbell)""",0,"""A""",,,5,lbs,3
2018-07-25 16:58:00,25,,,"""Bent Over Row (Dumbbell)""",0,"""A""",,,5,lbs,4
2018-07-25 16:58:00,30,,,"""Bent Over Row (Dumbbell)""",0,"""A""",,,8,lbs,5
2018-07-25 16:58:00,15,,,"""Overhead Press (Dumbbell)""",0,"""A""","""""",,5,lbs,1
2018-07-25 16:58:00,17.5,,,"""Overhead Press (Dumbbell)""",0,"""A""",,,5,lbs,2
2018-07-25 16:58:00,20,,,"""Overhead Press (Dumbbell)""",0,"""A""",,,5,lbs,3
2018-07-25 16:58:00,22.5,,,"""Overhead Press (Dumbbell)""",0,"""A""",,,5,lbs,4
2018-07-25 16:58:00,25,,,"""Overhead Press (Dumbbell)""",0,"""A""",,,8,lbs,5
2018-07-23 16:54:53,15,,"""""","""Squat (Barbell)""",0,"""B""","""""",,5,lbs,1
2018-07-23 16:54:53,17.5,,,"""Squat (Barbell)""",0,"""B""",,,5,lbs,2
2018-07-23 16:54:53,20,,,"""Squat (Barbell)""",0,"""B""",,,5,lbs,3
2018-07-23 16:54:53,22.5,,,"""Squat (Barbell)""",0,"""B""",,,5,lbs,4
2018-07-23 16:54:53,25,,,"""Squat (Barbell)""",0,"""B""",,,7,lbs,5
2018-07-23 16:54:53,20,,,"""Bench Press (Dumbbell)""",0,"""B""","""""",,5,lbs,1
2018-07-23 16:54:53,22.5,,,"""Bench Press (Dumbbell)""",0,"""B""",,,5,lbs,2
2018-07-23 16:54:53,25,,,"""Bench Press (Dumbbell)""",0,"""B""",,,5,lbs,3
2018-07-23 16:54:53,30,,,"""Bench Press (Dumbbell)""",0,"""B""",,,5,lbs,4
2018-07-23 16:54:53,35,,,"""Bench Press (Dumbbell)""",0,"""B""",,,11,lbs,5
2018-07-23 16:54:53,0,,,"""Pull Up""",0,"""B""","""""",,9,lbs,1
2018-07-23 16:54:53,0,,,"""Pull Up""",0,"""B""",,,5,lbs,2
2018-07-20 18:13:49,50,,"""""","""Deadlift (Barbell)""",0,"""A""","""""",,5,lbs,1
2018-07-20 18:13:49,60,,,"""Deadlift (Barbell)""",0,"""A""",,,5,lbs,2
2018-07-20 18:13:49,70,,,"""Deadlift (Barbell)""",0,"""A""",,,5,lbs,3
2018-07-20 18:13:49,80,,,"""Deadlift (Barbell)""",0,"""A""",,,5,lbs,4
2018-07-20 18:13:49,90,,,"""Deadlift (Barbell)""",0,"""A""",,,7,lbs,5
2018-07-20 18:13:49,15,,,"""Bent Over Row (Dumbbell)""",0,"""A""","""""",,5,lbs,1
2018-07-20 18:13:49,17.5,,,"""Bent Over Row (Dumbbell)""",0,"""A""",,,5,lbs,2
2018-07-20 18:13:49,20,,,"""Bent Over Row (Dumbbell)""",0,"""A""",,,5,lbs,3
2018-07-20 18:13:49,22.5,,,"""Bent Over Row (Dumbbell)""",0,"""A""",,,5,lbs,4
2018-07-20 18:13:49,25,,,"""Bent Over Row (Dumbbell)""",0,"""A""",,,13,lbs,5
2018-07-20 18:13:49,15,,,"""Overhead Press (Dumbbell)""",0,"""A""","""""",,5,lbs,1
2018-07-20 18:13:49,17.5,,,"""Overhead Press (Dumbbell)""",0,"""A""",,,5,lbs,2
2018-07-20 18:13:49,20,,,"""Overhead Press (Dumbbell)""",0,"""A""",,,5,lbs,3
2018-07-20 18:13:49,22.5,,,"""Overhead Press (Dumbbell)""",0,"""A""",,,5,lbs,4
2018-07-20 18:13:49,25,,,"""Overhead Press (Dumbbell)""",0,"""A""",,,6,lbs,5
2018-07-18 17:43:10,15,,"""""","""Squat (Barbell)""",0,"""B""","""""",,5,lbs,1
2018-07-18 17:43:10,17.5,,,"""Squat (Barbell)""",0,"""B""",,,5,lbs,2
2018-07-18 17:43:10,20,,,"""Squat (Barbell)""",0,"""B""",,,5,lbs,3
2018-07-18 17:43:10,22.5,,,"""Squat (Barbell)""",0,"""B""",,,5,lbs,4
2018-07-18 17:43:10,25,,,"""Squat (Barbell)""",0,"""B""",,,8,lbs,5
2018-07-18 17:43:10,20,,,"""Bench Press (Dumbbell)""",0,"""B""","""""",,5,lbs,1
2018-07-18 17:43:10,22.5,,,"""Bench Press (Dumbbell)""",0,"""B""",,,5,lbs,2
2018-07-18 17:43:10,25,,,"""Bench Press (Dumbbell)""",0,"""B""",,,5,lbs,3
2018-07-18 17:43:10,30,,,"""Bench Press (Dumbbell)""",0,"""B""",,,5,lbs,4
2018-07-18 17:43:10,35,,,"""Bench Press (Dumbbell)""",0,"""B""",,,10,lbs,5
2018-07-18 17:43:10,0,,,"""Pull Up""",0,"""B""","""""",,8,lbs,1
2018-07-18 17:43:10,0,,,"""Pull Up""",0,"""B""",,,4,lbs,2
2018-07-16 18:12:49,50,,"""""","""Deadlift (Barbell)""",0,"""A""","""""",,5,lbs,1
2018-07-16 18:12:49,60,,,"""Deadlift (Barbell)""",0,"""A""",,,5,lbs,2
2018-07-16 18:12:49,70,,,"""Deadlift (Barbell)""",0,"""A""",,,5,lbs,3
2018-07-16 18:12:49,80,,,"""Deadlift (Barbell)""",0,"""A""",,,5,lbs,4
2018-07-16 18:12:49,90,,,"""Deadlift (Barbell)""",0,"""A""",,,8,lbs,5
2018-07-16 18:12:49,15,,,"""Bent Over Row (Dumbbell)""",0,"""A""","""""",,5,lbs,1
2018-07-16 18:12:49,17.5,,,"""Bent Over Row (Dumbbell)""",0,"""A""",,,5,lbs,2
2018-07-16 18:12:49,20,,,"""Bent Over Row (Dumbbell)""",0,"""A""",,,5,lbs,3
2018-07-16 18:12:49,22.5,,,"""Bent Over Row (Dumbbell)""",0,"""A""",,,5,lbs,4
2018-07-16 18:12:49,25,,,"""Bent Over Row (Dumbbell)""",0,"""A""",,,12,lbs,5
2018-07-16 18:12:49,17.5,,,"""Overhead Press (Dumbbell)""",0,"""A""","""""",,5,lbs,1
2018-07-16 18:12:49,20,,,"""Overhead Press (Dumbbell)""",0,"""A""",,,5,lbs,2
2018-07-16 18:12:49,22.5,,,"""Overhead Press (Dumbbell)""",0,"""A""",,,5,lbs,3
2018-07-16 18:12:49,25,,,"""Overhead Press (Dumbbell)""",0,"""A""",,,5,lbs,4
2018-07-16 18:12:49,30,,,"""Overhead Press (Dumbbell)""",0,"""A""",,,3,lbs,5
2018-07-13 19:26:11,15,,"""""","""Squat (Barbell)""",0,"""B""","""""",,5,lbs,1
2018-07-13 19:26:11,17.5,,,"""Squat (Barbell)""",0,"""B""",,,5,lbs,2
2018-07-13 19:26:11,20,,,"""Squat (Barbell)""",0,"""B""",,,5,lbs,3
2018-07-13 19:26:11,22.5,,,"""Squat (Barbell)""",0,"""B""",,,5,lbs,4
2018-07-13 19:26:11,25,,,"""Squat (Barbell)""",0,"""B""",,,8,lbs,5
2018-07-13 19:26:11,20,,,"""Bench Press (Dumbbell)""",0,"""B""","""""",,5,lbs,1
2018-07-13 19:26:11,22.5,,,"""Bench Press (Dumbbell)""",0,"""B""",,,5,lbs,2
2018-07-13 19:26:11,25,,,"""Bench Press (Dumbbell)""",0,"""B""",,,5,lbs,3
2018-07-13 19:26:11,30,,,"""Bench Press (Dumbbell)""",0,"""B""",,,5,lbs,4
2018-07-13 19:26:11,35,,,"""Bench Press (Dumbbell)""",0,"""B""",,,8,lbs,5
2018-07-13 19:26:11,0,,,"""Pull Up""",0,"""B""","""""",,7,lbs,1
2018-07-13 19:26:11,0,,,"""Pull Up""",0,"""B""",,,4,lbs,2
2018-07-11 16:57:57,50,,"""""","""Deadlift (Barbell)""",0,"""A""","""""",,5,lbs,1
2018-07-11 16:57:57,60,,,"""Deadlift (Barbell)""",0,"""A""",,,5,lbs,2
2018-07-11 16:57:57,70,,,"""Deadlift (Barbell)""",0,"""A""",,,5,lbs,3
2018-07-11 16:57:57,80,,,"""Deadlift (Barbell)""",0,"""A""",,,5,lbs,4
2018-07-11 16:57:57,90,,,"""Deadlift (Barbell)""",0,"""A""",,,7,lbs,5
2018-07-11 16:57:57,15,,,"""Bent Over Row (Dumbbell)""",0,"""A""","""""",,5,lbs,1
2018-07-11 16:57:57,17.5,,,"""Bent Over Row (Dumbbell)""",0,"""A""",,,5,lbs,2
2018-07-11 16:57:57,20,,,"""Bent Over Row (Dumbbell)""",0,"""A""",,,5,lbs,3
2018-07-11 16:57:57,22.5,,,"""Bent Over Row (Dumbbell)""",0,"""A""",,,5,lbs,4
2018-07-11 16:57:57,25,,,"""Bent Over Row (Dumbbell)""",0,"""A""",,,8,lbs,5
2018-07-11 16:57:57,17.5,,,"""Overhead Press (Dumbbell)""",0,"""A""","""FAIL: 6 last time""",,5,lbs,1
2018-07-11 16:57:57,20,,,"""Overhead Press (Dumbbell)""",0,"""A""",,,5,lbs,2
2018-07-11 16:57:57,22.5,,,"""Overhead Press (Dumbbell)""",0,"""A""",,,5,lbs,3
2018-07-11 16:57:57,25,,,"""Overhead Press (Dumbbell)""",0,"""A""",,,5,lbs,4
2018-07-11 16:57:57,30,,,"""Overhead Press (Dumbbell)""",0,"""A""",,,3,lbs,5
2018-07-09 16:31:04,15,,,"""Squat (Barbell)""",0,"""B""","""FAIL: 8 last time",,5,lbs,1
2018-07-09 16:31:04,17.5,,,"""Squat (Barbell)""",0,"""B""",,,5,lbs,2
2018-07-09 16:31:04,20,,,"""Squat (Barbell)""",0,"""B""",,,5,lbs,3
2018-07-09 16:31:04,22.5,,,"""Squat (Barbell)""",0,"""B""",,,5,lbs,4
2018-07-09 16:31:04,25,,,"""Squat (Barbell)""",0,"""B""",,,6,lbs,5
2018-07-09 16:31:04,20,,,"""Bench Press (Dumbbell)""",0,"""B""","""""",,5,lbs,1
2018-07-09 16:31:04,22.5,,,"""Bench Press (Dumbbell)""",0,"""B""",,,5,lbs,2
2018-07-09 16:31:04,25,,,"""Bench Press (Dumbbell)""",0,"""B""",,,5,lbs,3
2018-07-09 16:31:04,30,,,"""Bench Press (Dumbbell)""",0,"""B""",,,5,lbs,4
2018-07-09 16:31:04,35,,,"""Bench Press (Dumbbell)""",0,"""B""",,,8,lbs,5
2018-07-09 16:31:04,0,,,"""Pull Up""",0,"""B""","""""",,5,lbs,1
2018-07-09 16:31:04,0,,,"""Pull Up""",0,"""B""",,,4,lbs,2
2018-07-06 19:27:05,50,,"""""","""Deadlift (Barbell)""",0,"""A""","""""",,5,lbs,1
2018-07-06 19:27:05,60,,,"""Deadlift (Barbell)""",0,"""A""",,,5,lbs,2
2018-07-06 19:27:05,70,,,"""Deadlift (Barbell)""",0,"""A""",,,5,lbs,3
2018-07-06 19:27:05,80,,,"""Deadlift (Barbell)""",0,"""A""",,,5,lbs,4
2018-07-06 19:27:05,90,,,"""Deadlift (Barbell)""",0,"""A""",,,5,lbs,5
2018-07-06 19:27:05,15,,,"""Bent Over Row (Dumbbell)""",0,"""A""","""""",,5,lbs,1
2018-07-06 19:27:05,17.5,,,"""Bent Over Row (Dumbbell)""",0,"""A""",,,5,lbs,2
2018-07-06 19:27:05,20,,,"""Bent Over Row (Dumbbell)""",0,"""A""",,,5,lbs,3
2018-07-06 19:27:05,22.5,,,"""Bent Over Row (Dumbbell)""",0,"""A""",,,5,lbs,4
2018-07-06 19:27:05,25,,,"""Bent Over Row (Dumbbell)""",0,"""A""",,,7,lbs,5
2018-07-06 19:27:05,17.5,,,"""Overhead Press (Dumbbell)""",0,"""A""","""""",,5,lbs,1
2018-07-06 19:27:05,20,,,"""Overhead Press (Dumbbell)""",0,"""A""",,,5,lbs,2
2018-07-06 19:27:05,22.5,,,"""Overhead Press (Dumbbell)""",0,"""A""",,,5,lbs,3
2018-07-06 19:27:05,25,,,"""Overhead Press (Dumbbell)""",0,"""A""",,,5,lbs,4
2018-07-06 19:27:05,30,,,"""Overhead Press (Dumbbell)""",0,"""A""",,,6,lbs,5
2018-07-03 16:39:20,,4.3,"""""","""Running""",2100,"""Elliptical""","""""",mi.,,,1
2018-07-02 17:25:04,15,,"""""","""Squat (Barbell)""",0,"""B""","""""",,5,lbs,1
2018-07-02 17:25:04,17.5,,,"""Squat (Barbell)""",0,"""B""",,,5,lbs,2
2018-07-02 17:25:04,20,,,"""Squat (Barbell)""",0,"""B""",,,5,lbs,3
2018-07-02 17:25:04,22.5,,,"""Squat (Barbell)""",0,"""B""",,,5,lbs,4
2018-07-02 17:25:04,25,,,"""Squat (Barbell)""",0,"""B""",,,8,lbs,5
2018-07-02 17:25:04,20,,,"""Bench Press (Dumbbell)""",0,"""B""","""""",,5,lbs,1
2018-07-02 17:25:04,22.5,,,"""Bench Press (Dumbbell)""",0,"""B""",,,5,lbs,2
2018-07-02 17:25:04,25,,,"""Bench Press (Dumbbell)""",0,"""B""",,,5,lbs,3
2018-07-02 17:25:04,30,,,"""Bench Press (Dumbbell)""",0,"""B""",,,5,lbs,4
2018-07-02 17:25:04,35,,,"""Bench Press (Dumbbell)""",0,"""B""",,,8,lbs,5
2018-07-02 17:25:04,0,,,"""Pull Up""",0,"""B""","""""",,8,lbs,1
2018-07-02 17:25:04,0,,,"""Pull Up""",0,"""B""",,,1,lbs,2
2018-06-27 16:26:53,15,,"""""","""Squat (Barbell)""",0,"""B""","""""",,5,lbs,1
2018-06-27 16:26:53,17.5,,,"""Squat (Barbell)""",0,"""B""",,,5,lbs,2
2018-06-27 16:26:53,20,,,"""Squat (Barbell)""",0,"""B""",,,5,lbs,3
2018-06-27 16:26:53,22.5,,,"""Squat (Barbell)""",0,"""B""",,,5,lbs,4
2018-06-27 16:26:53,25,,,"""Squat (Barbell)""",0,"""B""",,,5,lbs,5
2018-06-27 16:26:53,17.5,,,"""Bench Press (Dumbbell)""",0,"""B""","""""",,5,lbs,1
2018-06-27 16:26:53,20,,,"""Bench Press (Dumbbell)""",0,"""B""",,,5,lbs,2
2018-06-27 16:26:53,22.5,,,"""Bench Press (Dumbbell)""",0,"""B""",,,5,lbs,3
2018-06-27 16:26:53,25,,,"""Bench Press (Dumbbell)""",0,"""B""",,,5,lbs,4
2018-06-27 16:26:53,30,,,"""Bench Press (Dumbbell)""",0,"""B""",,,10,lbs,5
2018-06-27 16:26:53,0,,,"""Pull Up""",0,"""B""","""""",,6,lbs,1
2018-06-27 16:26:53,0,,,"""Pull Up""",0,"""B""",,,1,lbs,2
2018-06-25 21:59:11,40,,"""""","""Deadlift (Barbell)""",0,"""A""","""""",,5,lbs,1
2018-06-25 21:59:11,50,,,"""Deadlift (Barbell)""",0,"""A""",,,5,lbs,2
2018-06-25 21:59:11,60,,,"""Deadlift (Barbell)""",0,"""A""",,,5,lbs,3
2018-06-25 21:59:11,70,,,"""Deadlift (Barbell)""",0,"""A""",,,5,lbs,4
2018-06-25 21:59:11,80,,,"""Deadlift (Barbell)""",0,"""A""",,,10,lbs,5
2018-06-25 21:59:11,15,,,"""Bent Over Row (Dumbbell)""",0,"""A""","""""",,5,lbs,1
2018-06-25 21:59:11,17.5,,,"""Bent Over Row (Dumbbell)""",0,"""A""",,,5,lbs,2
2018-06-25 21:59:11,20,,,"""Bent Over Row (Dumbbell)""",0,"""A""",,,5,lbs,3
2018-06-25 21:59:11,22.5,,,"""Bent Over Row (Dumbbell)""",0,"""A""",,,5,lbs,4
2018-06-25 21:59:11,25,,,"""Bent Over Row (Dumbbell)""",0,"""A""",,,6,lbs,5
2018-06-25 21:59:11,17.5,,,"""Overhead Press (Dumbbell)""",0,"""A""","""""",,5,lbs,1
2018-06-25 21:59:11,20,,,"""Overhead Press (Dumbbell)""",0,"""A""",,,5,lbs,2
2018-06-25 21:59:11,22.5,,,"""Overhead Press (Dumbbell)""",0,"""A""",,,5,lbs,3
2018-06-25 21:59:11,25,,,"""Overhead Press (Dumbbell)""",0,"""A""",,,5,lbs,4
2018-06-25 21:59:11,30,,,"""Overhead Press (Dumbbell)""",0,"""A""",,,5,lbs,5
2018-06-22 19:44:00,15,,"""""","""Squat (Barbell)""",0,"""B""","""Make sure good form""",,5,lbs,1
2018-06-22 19:44:00,17.5,,,"""Squat (Barbell)""",0,"""B""",,,5,lbs,2
2018-06-22 19:44:00,20,,,"""Squat (Barbell)""",0,"""B""",,,5,lbs,3
2018-06-22 19:44:00,22.5,,,"""Squat (Barbell)""",0,"""B""",,,5,lbs,4
2018-06-22 19:44:00,25,,,"""Squat (Barbell)""",0,"""B""",,,5,lbs,5
2018-06-22 19:44:00,15,,,"""Bench Press (Dumbbell)""",0,"""B""","""""",,5,lbs,1
2018-06-22 19:44:00,17.5,,,"""Bench Press (Dumbbell)""",0,"""B""",,,5,lbs,2
2018-06-22 19:44:00,20,,,"""Bench Press (Dumbbell)""",0,"""B""",,,5,lbs,3
2018-06-22 19:44:00,22.5,,,"""Bench Press (Dumbbell)""",0,"""B""",,,5,lbs,4
2018-06-22 19:44:00,25,,,"""Bench Press (Dumbbell)""",0,"""B""",,,15,lbs,5
2018-06-22 19:44:00,0,,,"""Pull Up""",0,"""B""","""""",,6,lbs,1
2018-06-22 19:44:00,0,,,"""Pull Up""",0,"""B""",,,1,lbs,2
2018-06-20 17:54:37,40,,"""""","""Deadlift (Barbell)""",0,"""A""","""""",,5,lbs,1
2018-06-20 17:54:37,50,,,"""Deadlift (Barbell)""",0,"""A""",,,5,lbs,2
2018-06-20 17:54:37,60,,,"""Deadlift (Barbell)""",0,"""A""",,,5,lbs,3
2018-06-20 17:54:37,70,,,"""Deadlift (Barbell)""",0,"""A""",,,5,lbs,4
2018-06-20 17:54:37,80,,,"""Deadlift (Barbell)""",0,"""A""",,,8,lbs,5
2018-06-20 17:54:37,10,,,"""Bent Over Row (Dumbbell)""",0,"""A""","""""",,5,lbs,1
2018-06-20 17:54:37,12.5,,,"""Bent Over Row (Dumbbell)""",0,"""A""",,,5,lbs,2
2018-06-20 17:54:37,15,,,"""Bent Over Row (Dumbbell)""",0,"""A""",,,5,lbs,3
2018-06-20 17:54:37,17.5,,,"""Bent Over Row (Dumbbell)""",0,"""A""",,,5,lbs,4
2018-06-20 17:54:37,20,,,"""Bent Over Row (Dumbbell)""",0,"""A""",,,15,lbs,5
2018-06-20 17:54:37,0,,,"""Bent Over Row (Dumbbell)""",0,"""A""",,,0,lbs,6
2018-06-20 17:54:37,15,,,"""Overhead Press (Dumbbell)""",0,"""A""","""""",,5,lbs,1
2018-06-20 17:54:37,17.5,,,"""Overhead Press (Dumbbell)""",0,"""A""",,,5,lbs,2
2018-06-20 17:54:37,20,,,"""Overhead Press (Dumbbell)""",0,"""A""",,,5,lbs,3
2018-06-20 17:54:37,22.5,,,"""Overhead Press (Dumbbell)""",0,"""A""",,,5,lbs,4
2018-06-20 17:54:37,25,,,"""Overhead Press (Dumbbell)""",0,"""A""",,,10,lbs,5
2018-06-18 18:23:13,15,,"""""","""Squat (Barbell)""",0,"""B""","""Had wrong form""",,5,lbs,1
2018-06-18 18:23:13,17.5,,,"""Squat (Barbell)""",0,"""B""",,,5,lbs,2
2018-06-18 18:23:13,20,,,"""Squat (Barbell)""",0,"""B""",,,5,lbs,3
2018-06-18 18:23:13,22.5,,,"""Squat (Barbell)""",0,"""B""",,,5,lbs,4
2018-06-18 18:23:13,25,,,"""Squat (Barbell)""",0,"""B""",,,5,lbs,5
2018-06-18 18:23:13,10,,,"""Bench Press (Dumbbell)""",0,"""B""","""Up weight""",,5,lbs,1
2018-06-18 18:23:13,12.5,,,"""Bench Press (Dumbbell)""",0,"""B""",,,5,lbs,2
2018-06-18 18:23:13,15,,,"""Bench Press (Dumbbell)""",0,"""B""",,,5,lbs,3
2018-06-18 18:23:13,17.5,,,"""Bench Press (Dumbbell)""",0,"""B""",,,5,lbs,4
2018-06-18 18:23:13,20,,,"""Bench Press (Dumbbell)""",0,"""B""",,,25,lbs,5
2018-06-18 18:23:13,0,,,"""Pull Up""",0,"""B""","""""",,6,lbs,1
2018-06-18 18:23:13,0,,,"""Pull Up""",0,"""B""",,,6,lbs,2
