Date;Workout Name;Exercise Name;Set Order;Weight;Weight Unit;Reps;Distance;Distance Unit;Seconds;Notes;Workout Notes
2019-01-20 17:03:17;"Indoor Bike";"Cycling (Indoor)";1;;;;2.4;mi.;2100;"";""
2019-01-19 14:40:04;"A";"Deadlift (Barbell)";1;85;lbs;5;;;0;"";""
2019-01-19 14:40:04;"A";"Deadlift (Barbell)";2;95;lbs;5;;;0;;
2019-01-19 14:40:04;"A";"Deadlift (Barbell)";3;105;lbs;5;;;0;;
2019-01-19 14:40:04;"A";"Deadlift (Barbell)";4;115;lbs;5;;;0;;
2019-01-19 14:40:04;"A";"Deadlift (Barbell)";5;125;lbs;6;;;0;;
2019-01-19 14:40:04;"A";"Bent Over Row (Dumbbell)";1;30;lbs;5;;;0;"";
2019-01-19 14:40:04;"A";"Bent Over Row (Dumbbell)";2;35;lbs;5;;;0;;
2019-01-19 14:40:04;"A";"Bent Over Row (Dumbbell)";3;40;lbs;5;;;0;;
2019-01-19 14:40:04;"A";"Bent Over Row (Dumbbell)";4;45;lbs;5;;;0;;
2019-01-19 14:40:04;"A";"Bent Over Row (Dumbbell)";5;50;lbs;7;;;0;;
2019-01-19 14:40:04;"A";"Overhead Press (Dumbbell)";1;22.5;lbs;5;;;0;"";
2019-01-19 14:40:04;"A";"Overhead Press (Dumbbell)";2;25;lbs;5;;;0;;
2019-01-19 14:40:04;"A";"Overhead Press (Dumbbell)";3;27.5;lbs;5;;;0;;
2019-01-19 14:40:04;"A";"Overhead Press (Dumbbell)";4;30;lbs;5;;;0;;
2019-01-19 14:40:04;"A";"Overhead Press (Dumbbell)";5;35;lbs;5;;;0;;
2019-01-15 15:16:39;"B";"Squat (Barbell)";1;25;lbs;5;;;0;"DIFF:  bench, pull up, squat";""
2019-01-15 15:16:39;"B";"Squat (Barbell)";2;27.5;lbs;5;;;0;;
2019-01-15 15:16:39;"B";"Squat (Barbell)";3;30;lbs;5;;;0;;
2019-01-15 15:16:39;"B";"Squat (Barbell)";4;32.5;lbs;5;;;0;;
2019-01-15 15:16:39;"B";"Squat (Barbell)";5;35;lbs;5;;;0;;
2019-01-15 15:16:39;"B";"Bench Press (Dumbbell)";1;27.5;lbs;5;;;0;"DIFF:  bench, pull up, squat";
2019-01-15 15:16:39;"B";"Bench Press (Dumbbell)";2;30;lbs;5;;;0;;
2019-01-15 15:16:39;"B";"Bench Press (Dumbbell)";3;35;lbs;5;;;0;;
2019-01-15 15:16:39;"B";"Bench Press (Dumbbell)";4;40;lbs;5;;;0;;
2019-01-15 15:16:39;"B";"Bench Press (Dumbbell)";5;45;lbs;5;;;0;;
2019-01-15 15:16:39;"B";"Pull Up";1;0;lbs;12;;;0;"DIFF:  bench, pull up, squat";
2019-01-15 15:16:39;"B";"Pull Up";2;0;lbs;7;;;0;;
2018-12-20 19:38:15;"Indoor Bike";"Cycling (Indoor)";1;;;;10.5;mi.;2100;"";""
2018-12-19 19:27:56;"A";"Deadlift (Barbell)";1;85;lbs;5;;;0;"";"FAST: D1"
2018-12-19 19:27:56;"A";"Deadlift (Barbell)";2;95;lbs;5;;;0;;
2018-12-19 19:27:56;"A";"Deadlift (Barbell)";3;105;lbs;5;;;0;;
2018-12-19 19:27:56;"A";"Deadlift (Barbell)";4;115;lbs;5;;;0;;
2018-12-19 19:27:56;"A";"Deadlift (Barbell)";5;125;lbs;5;;;0;;
2018-12-19 19:27:56;"A";"Bent Over Row (Dumbbell)";1;30;lbs;5;;;0;"";
2018-12-19 19:27:56;"A";"Bent Over Row (Dumbbell)";2;35;lbs;5;;;0;;
2018-12-19 19:27:56;"A";"Bent Over Row (Dumbbell)";3;40;lbs;5;;;0;;
2018-12-19 19:27:56;"A";"Bent Over Row (Dumbbell)";4;45;lbs;5;;;0;;
2018-12-19 19:27:56;"A";"Bent Over Row (Dumbbell)";5;50;lbs;7;;;0;;
2018-12-19 19:27:56;"A";"Overhead Press (Dumbbell)";1;22.5;lbs;5;;;0;"";
2018-12-19 19:27:56;"A";"Overhead Press (Dumbbell)";2;25;lbs;5;;;0;;
2018-12-19 19:27:56;"A";"Overhead Press (Dumbbell)";3;27.5;lbs;5;;;0;;
2018-12-19 19:27:56;"A";"Overhead Press (Dumbbell)";4;30;lbs;5;;;0;;
2018-12-19 19:27:56;"A";"Overhead Press (Dumbbell)";5;35;lbs;6;;;0;;
2018-12-11 16:49:18;"B";"Squat (Barbell)";1;25;lbs;5;;;0;"";"DIFF:  bench, pull up, squat"
2018-12-11 16:49:18;"B";"Squat (Barbell)";2;27.5;lbs;5;;;0;;
2018-12-11 16:49:18;"B";"Squat (Barbell)";3;30;lbs;5;;;0;;
2018-12-11 16:49:18;"B";"Squat (Barbell)";4;32.5;lbs;5;;;0;;
2018-12-11 16:49:18;"B";"Squat (Barbell)";5;35;lbs;5;;;0;;
2018-12-11 16:49:18;"B";"Bench Press (Dumbbell)";1;27.5;lbs;5;;;0;"";
2018-12-11 16:49:18;"B";"Bench Press (Dumbbell)";2;30;lbs;5;;;0;;
2018-12-11 16:49:18;"B";"Bench Press (Dumbbell)";3;35;lbs;5;;;0;;
2018-12-11 16:49:18;"B";"Bench Press (Dumbbell)";4;40;lbs;5;;;0;;
2018-12-11 16:49:18;"B";"Bench Press (Dumbbell)";5;45;lbs;5;;;0;;
2018-12-11 16:49:18;"B";"Pull Up";1;0;lbs;14;;;0;"";
2018-12-11 16:49:18;"B";"Pull Up";2;0;lbs;7;;;0;;
2018-11-15 16:53:18;"A";"Deadlift (Barbell)";1;85;lbs;5;;;0;"";""
2018-11-15 16:53:18;"A";"Deadlift (Barbell)";2;95;lbs;5;;;0;;
2018-11-15 16:53:18;"A";"Deadlift (Barbell)";3;105;lbs;5;;;0;;
2018-11-15 16:53:18;"A";"Deadlift (Barbell)";4;115;lbs;5;;;0;;
2018-11-15 16:53:18;"A";"Deadlift (Barbell)";5;125;lbs;9;;;0;;
2018-11-15 16:53:18;"A";"Bent Over Row (Dumbbell)";1;30;lbs;5;;;0;"";
2018-11-15 16:53:18;"A";"Bent Over Row (Dumbbell)";2;35;lbs;5;;;0;;
2018-11-15 16:53:18;"A";"Bent Over Row (Dumbbell)";3;40;lbs;5;;;0;;
2018-11-15 16:53:18;"A";"Bent Over Row (Dumbbell)";4;45;lbs;5;;;0;;
2018-11-15 16:53:18;"A";"Bent Over Row (Dumbbell)";5;50;lbs;7;;;0;;
2018-11-15 16:53:18;"A";"Overhead Press (Dumbbell)";1;22.5;lbs;5;;;0;"";
2018-11-15 16:53:18;"A";"Overhead Press (Dumbbell)";2;25;lbs;5;;;0;;
2018-11-15 16:53:18;"A";"Overhead Press (Dumbbell)";3;27.5;lbs;5;;;0;;
2018-11-15 16:53:18;"A";"Overhead Press (Dumbbell)";4;30;lbs;5;;;0;;
2018-11-15 16:53:18;"A";"Overhead Press (Dumbbell)";5;35;lbs;8;;;0;;
2018-11-11 17:06:44;"B";"Squat (Barbell)";1;25;lbs;5;;;0;"";""
2018-11-11 17:06:44;"B";"Squat (Barbell)";2;27.5;lbs;5;;;0;;
2018-11-11 17:06:44;"B";"Squat (Barbell)";3;30;lbs;5;;;0;;
2018-11-11 17:06:44;"B";"Squat (Barbell)";4;32.5;lbs;5;;;0;;
2018-11-11 17:06:44;"B";"Squat (Barbell)";5;35;lbs;10;;;0;;
2018-11-11 17:06:44;"B";"Bench Press (Dumbbell)";1;27.5;lbs;5;;;0;"";
2018-11-11 17:06:44;"B";"Bench Press (Dumbbell)";2;30;lbs;5;;;0;;
2018-11-11 17:06:44;"B";"Bench Press (Dumbbell)";3;35;lbs;5;;;0;;
2018-11-11 17:06:44;"B";"Bench Press (Dumbbell)";4;40;lbs;5;;;0;;
2018-11-11 17:06:44;"B";"Bench Press (Dumbbell)";5;45;lbs;6;;;0;;
2018-11-11 17:06:44;"B";"Pull Up";1;0;lbs;14;;;0;"";
2018-11-11 17:06:44;"B";"Pull Up";2;0;lbs;6;;;0;;
2018-11-07 17:53:05;"A";"Deadlift (Barbell)";1;85;lbs;5;;;0;"";""
2018-11-07 17:53:05;"A";"Deadlift (Barbell)";2;95;lbs;5;;;0;;
2018-11-07 17:53:05;"A";"Deadlift (Barbell)";3;105;lbs;5;;;0;;
2018-11-07 17:53:05;"A";"Deadlift (Barbell)";4;115;lbs;5;;;0;;
2018-11-07 17:53:05;"A";"Deadlift (Barbell)";5;125;lbs;7;;;0;;
2018-11-07 17:53:05;"A";"Bent Over Row (Dumbbell)";1;30;lbs;5;;;0;"";
2018-11-07 17:53:05;"A";"Bent Over Row (Dumbbell)";2;35;lbs;5;;;0;;
2018-11-07 17:53:05;"A";"Bent Over Row (Dumbbell)";3;40;lbs;5;;;0;;
2018-11-07 17:53:05;"A";"Bent Over Row (Dumbbell)";4;45;lbs;5;;;0;;
2018-11-07 17:53:05;"A";"Bent Over Row (Dumbbell)";5;50;lbs;5;;;0;;
2018-11-07 17:53:05;"A";"Overhead Press (Dumbbell)";1;22.5;lbs;5;;;0;"";
2018-11-07 17:53:05;"A";"Overhead Press (Dumbbell)";2;25;lbs;5;;;0;;
2018-11-07 17:53:05;"A";"Overhead Press (Dumbbell)";3;27.5;lbs;5;;;0;;
2018-11-07 17:53:05;"A";"Overhead Press (Dumbbell)";4;30;lbs;5;;;0;;
2018-11-07 17:53:05;"A";"Overhead Press (Dumbbell)";5;35;lbs;3;;;0;;
2018-11-05 16:06:40;"B";"Squat (Barbell)";1;25;lbs;5;;;0;"";""
2018-11-05 16:06:40;"B";"Squat (Barbell)";2;27.5;lbs;5;;;0;;
2018-11-05 16:06:40;"B";"Squat (Barbell)";3;30;lbs;5;;;0;;
2018-11-05 16:06:40;"B";"Squat (Barbell)";4;32.5;lbs;5;;;0;;
2018-11-05 16:06:40;"B";"Squat (Barbell)";5;35;lbs;6;;;0;;
2018-11-05 16:06:40;"B";"Bench Press (Dumbbell)";1;27.5;lbs;5;;;0;"";
2018-11-05 16:06:40;"B";"Bench Press (Dumbbell)";2;30;lbs;5;;;0;;
2018-11-05 16:06:40;"B";"Bench Press (Dumbbell)";3;35;lbs;5;;;0;;
2018-11-05 16:06:40;"B";"Bench Press (Dumbbell)";4;40;lbs;5;;;0;;
2018-11-05 16:06:40;"B";"Bench Press (Dumbbell)";5;45;lbs;6;;;0;;
2018-11-05 16:06:40;"B";"Pull Up";1;0;lbs;13;;;0;"";
2018-11-05 16:06:40;"B";"Pull Up";2;0;lbs;6;;;0;;
2018-11-02 16:53:36;"A";"Deadlift (Barbell)";1;85;lbs;5;;;0;"";""
2018-11-02 16:53:36;"A";"Deadlift (Barbell)";2;95;lbs;5;;;0;;
2018-11-02 16:53:36;"A";"Deadlift (Barbell)";3;105;lbs;5;;;0;;
2018-11-02 16:53:36;"A";"Deadlift (Barbell)";4;115;lbs;5;;;0;;
2018-11-02 16:53:36;"A";"Deadlift (Barbell)";5;125;lbs;9;;;0;;
2018-11-02 16:53:36;"A";"Bent Over Row (Dumbbell)";1;27.5;lbs;5;;;0;"";
2018-11-02 16:53:36;"A";"Bent Over Row (Dumbbell)";2;30;lbs;5;;;0;;
2018-11-02 16:53:36;"A";"Bent Over Row (Dumbbell)";3;35;lbs;5;;;0;;
2018-11-02 16:53:36;"A";"Bent Over Row (Dumbbell)";4;40;lbs;5;;;0;;
2018-11-02 16:53:36;"A";"Bent Over Row (Dumbbell)";5;45;lbs;10;;;0;;
2018-11-02 16:53:36;"A";"Overhead Press (Dumbbell)";1;22.5;lbs;5;;;0;"";
2018-11-02 16:53:36;"A";"Overhead Press (Dumbbell)";2;25;lbs;5;;;0;;
2018-11-02 16:53:36;"A";"Overhead Press (Dumbbell)";3;27.5;lbs;5;;;0;;
2018-11-02 16:53:36;"A";"Overhead Press (Dumbbell)";4;30;lbs;5;;;0;;
2018-11-02 16:53:36;"A";"Overhead Press (Dumbbell)";5;35;lbs;6;;;0;;
2018-11-01 17:25:57;"Indoor Bike";"Cycling (Indoor)";1;;;;10.5;mi.;35;"";""
2018-10-31 17:10:12;"B";"Squat (Barbell)";1;22.5;lbs;5;;;0;"";""
2018-10-31 17:10:12;"B";"Squat (Barbell)";2;25;lbs;5;;;0;;
2018-10-31 17:10:12;"B";"Squat (Barbell)";3;27.5;lbs;5;;;0;;
2018-10-31 17:10:12;"B";"Squat (Barbell)";4;30;lbs;5;;;0;;
2018-10-31 17:10:12;"B";"Squat (Barbell)";5;32.5;lbs;10;;;0;;
2018-10-31 17:10:12;"B";"Bench Press (Dumbbell)";1;27.5;lbs;5;;;0;"";
2018-10-31 17:10:12;"B";"Bench Press (Dumbbell)";2;30;lbs;5;;;0;;
2018-10-31 17:10:12;"B";"Bench Press (Dumbbell)";3;35;lbs;5;;;0;;
2018-10-31 17:10:12;"B";"Bench Press (Dumbbell)";4;40;lbs;5;;;0;;
2018-10-31 17:10:12;"B";"Bench Press (Dumbbell)";5;45;lbs;5;;;0;;
2018-10-31 17:10:12;"B";"Pull Up";1;0;lbs;14;;;0;"";
2018-10-31 17:10:12;"B";"Pull Up";2;0;lbs;7;;;0;;
2018-10-29 16:00:57;"A";"Deadlift (Barbell)";1;85;lbs;5;;;0;"";""
2018-10-29 16:00:57;"A";"Deadlift (Barbell)";2;95;lbs;5;;;0;;
2018-10-29 16:00:57;"A";"Deadlift (Barbell)";3;105;lbs;5;;;0;;
2018-10-29 16:00:57;"A";"Deadlift (Barbell)";4;115;lbs;5;;;0;;
2018-10-29 16:00:57;"A";"Deadlift (Barbell)";5;125;lbs;8;;;0;;
2018-10-29 16:00:57;"A";"Bent Over Row (Dumbbell)";1;27.5;lbs;5;;;0;"";
2018-10-29 16:00:57;"A";"Bent Over Row (Dumbbell)";2;30;lbs;5;;;0;;
2018-10-29 16:00:57;"A";"Bent Over Row (Dumbbell)";3;35;lbs;5;;;0;;
2018-10-29 16:00:57;"A";"Bent Over Row (Dumbbell)";4;40;lbs;5;;;0;;
2018-10-29 16:00:57;"A";"Bent Over Row (Dumbbell)";5;45;lbs;9;;;0;;
2018-10-29 16:00:57;"A";"Overhead Press (Dumbbell)";1;20;lbs;5;;;0;"";
2018-10-29 16:00:57;"A";"Overhead Press (Dumbbell)";2;22.5;lbs;5;;;0;;
2018-10-29 16:00:57;"A";"Overhead Press (Dumbbell)";3;25;lbs;5;;;0;;
2018-10-29 16:00:57;"A";"Overhead Press (Dumbbell)";4;27.5;lbs;5;;;0;;
2018-10-29 16:00:57;"A";"Overhead Press (Dumbbell)";5;30;lbs;10;;;0;;
2018-10-27 15:14:48;"B";"Squat (Barbell)";1;22.5;lbs;5;;;0;"";""
2018-10-27 15:14:48;"B";"Squat (Barbell)";2;25;lbs;5;;;0;;
2018-10-27 15:14:48;"B";"Squat (Barbell)";3;27.5;lbs;5;;;0;;
2018-10-27 15:14:48;"B";"Squat (Barbell)";4;30;lbs;5;;;0;;
2018-10-27 15:14:48;"B";"Squat (Barbell)";5;32.5;lbs;7;;;0;;
2018-10-27 15:14:48;"B";"Bench Press (Dumbbell)";1;27.5;lbs;5;;;0;"";
2018-10-27 15:14:48;"B";"Bench Press (Dumbbell)";2;30;lbs;5;;;0;;
2018-10-27 15:14:48;"B";"Bench Press (Dumbbell)";3;35;lbs;5;;;0;;
2018-10-27 15:14:48;"B";"Bench Press (Dumbbell)";4;40;lbs;5;;;0;;
2018-10-27 15:14:48;"B";"Bench Press (Dumbbell)";5;45;lbs;4;;;0;;
2018-10-27 15:14:48;"B";"Pull Up";1;0;lbs;11;;;0;"";
2018-10-27 15:14:48;"B";"Pull Up";2;0;lbs;5;;;0;;
2018-10-20 15:05:17;"A";"Deadlift (Barbell)";1;85;lbs;5;;;0;"";""
2018-10-20 15:05:17;"A";"Deadlift (Barbell)";2;95;lbs;5;;;0;;
2018-10-20 15:05:17;"A";"Deadlift (Barbell)";3;105;lbs;5;;;0;;
2018-10-20 15:05:17;"A";"Deadlift (Barbell)";4;115;lbs;5;;;0;;
2018-10-20 15:05:17;"A";"Deadlift (Barbell)";5;125;lbs;5;;;0;;
2018-10-20 15:05:17;"A";"Bent Over Row (Dumbbell)";1;27.5;lbs;5;;;0;"";
2018-10-20 15:05:17;"A";"Bent Over Row (Dumbbell)";2;30;lbs;5;;;0;;
2018-10-20 15:05:17;"A";"Bent Over Row (Dumbbell)";3;35;lbs;5;;;0;;
2018-10-20 15:05:17;"A";"Bent Over Row (Dumbbell)";4;40;lbs;5;;;0;;
2018-10-20 15:05:17;"A";"Bent Over Row (Dumbbell)";5;45;lbs;8;;;0;;
2018-10-20 15:05:17;"A";"Overhead Press (Dumbbell)";1;20;lbs;5;;;0;"";
2018-10-20 15:05:17;"A";"Overhead Press (Dumbbell)";2;22.5;lbs;5;;;0;;
2018-10-20 15:05:17;"A";"Overhead Press (Dumbbell)";3;25;lbs;5;;;0;;
2018-10-20 15:05:17;"A";"Overhead Press (Dumbbell)";4;27.5;lbs;5;;;0;;
2018-10-20 15:05:17;"A";"Overhead Press (Dumbbell)";5;30;lbs;9;;;0;;
2018-10-17 04:37:32;"B";"Squat (Barbell)";1;22.5;lbs;5;;;0;"";""
2018-10-17 04:37:32;"B";"Squat (Barbell)";2;25;lbs;5;;;0;;
2018-10-17 04:37:32;"B";"Squat (Barbell)";3;27.5;lbs;5;;;0;;
2018-10-17 04:37:32;"B";"Squat (Barbell)";4;30;lbs;5;;;0;;
2018-10-17 04:37:32;"B";"Squat (Barbell)";5;32.5;lbs;7;;;0;;
2018-10-17 04:37:32;"B";"Bench Press (Dumbbell)";1;27.5;lbs;5;;;0;"";
2018-10-17 04:37:32;"B";"Bench Press (Dumbbell)";2;30;lbs;5;;;0;;
2018-10-17 04:37:32;"B";"Bench Press (Dumbbell)";3;35;lbs;5;;;0;;
2018-10-17 04:37:32;"B";"Bench Press (Dumbbell)";4;40;lbs;5;;;0;;
2018-10-17 04:37:32;"B";"Bench Press (Dumbbell)";5;45;lbs;5;;;0;;
2018-10-17 04:37:32;"B";"Pull Up";1;0;lbs;11;;;0;"";
2018-10-17 04:37:32;"B";"Pull Up";2;0;lbs;6;;;0;;
2018-10-12 16:12:31;"A";"Deadlift (Barbell)";1;75;lbs;5;;;0;"";""
2018-10-12 16:12:31;"A";"Deadlift (Barbell)";2;85;lbs;5;;;0;;
2018-10-12 16:12:31;"A";"Deadlift (Barbell)";3;95;lbs;5;;;0;;
2018-10-12 16:12:31;"A";"Deadlift (Barbell)";4;105;lbs;5;;;0;;
2018-10-12 16:12:31;"A";"Deadlift (Barbell)";5;115;lbs;10;;;0;;
2018-10-12 16:12:31;"A";"Bent Over Row (Dumbbell)";1;27.5;lbs;5;;;0;"";
2018-10-12 16:12:31;"A";"Bent Over Row (Dumbbell)";2;30;lbs;5;;;0;;
2018-10-12 16:12:31;"A";"Bent Over Row (Dumbbell)";3;35;lbs;5;;;0;;
2018-10-12 16:12:31;"A";"Bent Over Row (Dumbbell)";4;40;lbs;5;;;0;;
2018-10-12 16:12:31;"A";"Bent Over Row (Dumbbell)";5;45;lbs;8;;;0;;
2018-10-12 16:12:31;"A";"Overhead Press (Dumbbell)";1;20;lbs;5;;;0;"";
2018-10-12 16:12:31;"A";"Overhead Press (Dumbbell)";2;22.5;lbs;5;;;0;;
2018-10-12 16:12:31;"A";"Overhead Press (Dumbbell)";3;25;lbs;5;;;0;;
2018-10-12 16:12:31;"A";"Overhead Press (Dumbbell)";4;27.5;lbs;5;;;0;;
2018-10-12 16:12:31;"A";"Overhead Press (Dumbbell)";5;30;lbs;8;;;0;;
2018-10-10 19:59:20;"B";"Squat (Barbell)";1;22.5;lbs;5;;;0;"";""
2018-10-10 19:59:20;"B";"Squat (Barbell)";2;25;lbs;5;;;0;;
2018-10-10 19:59:20;"B";"Squat (Barbell)";3;27.5;lbs;5;;;0;;
2018-10-10 19:59:20;"B";"Squat (Barbell)";4;30;lbs;5;;;0;;
2018-10-10 19:59:20;"B";"Squat (Barbell)";5;32.5;lbs;8;;;0;;
2018-10-10 19:59:20;"B";"Bench Press (Dumbbell)";1;27.5;lbs;5;;;0;"";
2018-10-10 19:59:20;"B";"Bench Press (Dumbbell)";2;30;lbs;5;;;0;;
2018-10-10 19:59:20;"B";"Bench Press (Dumbbell)";3;35;lbs;5;;;0;;
2018-10-10 19:59:20;"B";"Bench Press (Dumbbell)";4;40;lbs;5;;;0;;
2018-10-10 19:59:20;"B";"Bench Press (Dumbbell)";5;45;lbs;6;;;0;;
2018-10-10 19:59:20;"B";"Pull Up";1;0;lbs;12;;;0;"";
2018-10-10 19:59:20;"B";"Pull Up";2;0;lbs;6;;;0;;
2018-10-08 17:11:11;"A";"Deadlift (Barbell)";1;65;lbs;5;;;0;"CHANGE: corrected form";""
2018-10-08 17:11:11;"A";"Deadlift (Barbell)";2;75;lbs;5;;;0;;
2018-10-08 17:11:11;"A";"Deadlift (Barbell)";3;85;lbs;5;;;0;;
2018-10-08 17:11:11;"A";"Deadlift (Barbell)";4;95;lbs;5;;;0;;
2018-10-08 17:11:11;"A";"Deadlift (Barbell)";5;105;lbs;11;;;0;;
2018-10-08 17:11:11;"A";"Bent Over Row (Dumbbell)";1;27.5;lbs;5;;;0;"";
2018-10-08 17:11:11;"A";"Bent Over Row (Dumbbell)";2;30;lbs;5;;;0;;
2018-10-08 17:11:11;"A";"Bent Over Row (Dumbbell)";3;35;lbs;5;;;0;;
2018-10-08 17:11:11;"A";"Bent Over Row (Dumbbell)";4;40;lbs;5;;;0;;
2018-10-08 17:11:11;"A";"Bent Over Row (Dumbbell)";5;45;lbs;7;;;0;;
2018-10-08 17:11:11;"A";"Overhead Press (Dumbbell)";1;20;lbs;5;;;0;"";
2018-10-08 17:11:11;"A";"Overhead Press (Dumbbell)";2;22.5;lbs;5;;;0;;
2018-10-08 17:11:11;"A";"Overhead Press (Dumbbell)";3;25;lbs;5;;;0;;
2018-10-08 17:11:11;"A";"Overhead Press (Dumbbell)";4;27.5;lbs;5;;;0;;
2018-10-08 17:11:11;"A";"Overhead Press (Dumbbell)";5;30;lbs;8;;;0;;
2018-10-03 16:00:08;"B";"Squat (Barbell)";1;22.5;lbs;5;;;0;"";""
2018-10-03 16:00:08;"B";"Squat (Barbell)";2;25;lbs;5;;;0;;
2018-10-03 16:00:08;"B";"Squat (Barbell)";3;27.5;lbs;5;;;0;;
2018-10-03 16:00:08;"B";"Squat (Barbell)";4;30;lbs;5;;;0;;
2018-10-03 16:00:08;"B";"Squat (Barbell)";5;32.5;lbs;8;;;0;;
2018-10-03 16:00:08;"B";"Bench Press (Dumbbell)";1;27.5;lbs;5;;;0;"";
2018-10-03 16:00:08;"B";"Bench Press (Dumbbell)";2;30;lbs;5;;;0;;
2018-10-03 16:00:08;"B";"Bench Press (Dumbbell)";3;35;lbs;5;;;0;;
2018-10-03 16:00:08;"B";"Bench Press (Dumbbell)";4;40;lbs;5;;;0;;
2018-10-03 16:00:08;"B";"Bench Press (Dumbbell)";5;45;lbs;5;;;0;;
2018-10-03 16:00:08;"B";"Pull Up";1;0;lbs;12;;;0;"";
2018-10-03 16:00:08;"B";"Pull Up";2;0;lbs;7;;;0;;
2018-10-01 15:59:06;"A";"Deadlift (Barbell)";1;65;lbs;5;;;0;"";""
2018-10-01 15:59:06;"A";"Deadlift (Barbell)";2;75;lbs;5;;;0;;
2018-10-01 15:59:06;"A";"Deadlift (Barbell)";3;85;lbs;5;;;0;;
2018-10-01 15:59:06;"A";"Deadlift (Barbell)";4;95;lbs;5;;;0;;
2018-10-01 15:59:06;"A";"Deadlift (Barbell)";5;105;lbs;10;;;0;;
2018-10-01 15:59:06;"A";"Bent Over Row (Dumbbell)";1;27.5;lbs;5;;;0;"";
2018-10-01 15:59:06;"A";"Bent Over Row (Dumbbell)";2;30;lbs;5;;;0;;
2018-10-01 15:59:06;"A";"Bent Over Row (Dumbbell)";3;35;lbs;5;;;0;;
2018-10-01 15:59:06;"A";"Bent Over Row (Dumbbell)";4;40;lbs;5;;;0;;
2018-10-01 15:59:06;"A";"Bent Over Row (Dumbbell)";5;45;lbs;7;;;0;;
2018-10-01 15:59:06;"A";"Overhead Press (Dumbbell)";1;20;lbs;5;;;0;"";
2018-10-01 15:59:06;"A";"Overhead Press (Dumbbell)";2;22.5;lbs;5;;;0;;
2018-10-01 15:59:06;"A";"Overhead Press (Dumbbell)";3;25;lbs;5;;;0;;
2018-10-01 15:59:06;"A";"Overhead Press (Dumbbell)";4;27.5;lbs;5;;;0;;
2018-10-01 15:59:06;"A";"Overhead Press (Dumbbell)";5;30;lbs;8;;;0;;
2018-09-24 17:05:17;"B";"Squat (Barbell)";1;20;lbs;5;;;0;"";""
2018-09-24 17:05:17;"B";"Squat (Barbell)";2;22.5;lbs;5;;;0;;
2018-09-24 17:05:17;"B";"Squat (Barbell)";3;25;lbs;5;;;0;;
2018-09-24 17:05:17;"B";"Squat (Barbell)";4;27.5;lbs;5;;;0;;
2018-09-24 17:05:17;"B";"Squat (Barbell)";5;30;lbs;10;;;0;;
2018-09-24 17:05:17;"B";"Bench Press (Dumbbell)";1;25;lbs;5;;;0;"";
2018-09-24 17:05:17;"B";"Bench Press (Dumbbell)";2;27.5;lbs;5;;;0;;
2018-09-24 17:05:17;"B";"Bench Press (Dumbbell)";3;30;lbs;5;;;0;;
2018-09-24 17:05:17;"B";"Bench Press (Dumbbell)";4;35;lbs;5;;;0;;
2018-09-24 17:05:17;"B";"Bench Press (Dumbbell)";5;40;lbs;10;;;0;;
2018-09-24 17:05:17;"B";"Pull Up";1;0;lbs;13;;;0;"";
2018-09-24 17:05:17;"B";"Pull Up";2;0;lbs;7;;;0;;
2018-09-21 16:12:11;"A";"Deadlift (Barbell)";1;65;lbs;5;;;0;"";""
2018-09-21 16:12:11;"A";"Deadlift (Barbell)";2;75;lbs;5;;;0;;
2018-09-21 16:12:11;"A";"Deadlift (Barbell)";3;85;lbs;5;;;0;;
2018-09-21 16:12:11;"A";"Deadlift (Barbell)";4;95;lbs;5;;;0;;
2018-09-21 16:12:11;"A";"Deadlift (Barbell)";5;105;lbs;7;;;0;;
2018-09-21 16:12:11;"A";"Bent Over Row (Dumbbell)";1;27.5;lbs;5;;;0;"";
2018-09-21 16:12:11;"A";"Bent Over Row (Dumbbell)";2;30;lbs;5;;;0;;
2018-09-21 16:12:11;"A";"Bent Over Row (Dumbbell)";3;35;lbs;5;;;0;;
2018-09-21 16:12:11;"A";"Bent Over Row (Dumbbell)";4;40;lbs;5;;;0;;
2018-09-21 16:12:11;"A";"Bent Over Row (Dumbbell)";5;45;lbs;8;;;0;;
2018-09-21 16:12:11;"A";"Overhead Press (Dumbbell)";1;20;lbs;5;;;0;"";
2018-09-21 16:12:11;"A";"Overhead Press (Dumbbell)";2;22.5;lbs;5;;;0;;
2018-09-21 16:12:11;"A";"Overhead Press (Dumbbell)";3;25;lbs;5;;;0;;
2018-09-21 16:12:11;"A";"Overhead Press (Dumbbell)";4;27.5;lbs;5;;;0;;
2018-09-21 16:12:11;"A";"Overhead Press (Dumbbell)";5;30;lbs;7;;;0;;
2018-09-19 16:20:25;"B";"Squat (Barbell)";1;20;lbs;5;;;0;"";""
2018-09-19 16:20:25;"B";"Squat (Barbell)";2;22.5;lbs;5;;;0;;
2018-09-19 16:20:25;"B";"Squat (Barbell)";3;25;lbs;5;;;0;;
2018-09-19 16:20:25;"B";"Squat (Barbell)";4;27.5;lbs;5;;;0;;
2018-09-19 16:20:25;"B";"Squat (Barbell)";5;30;lbs;8;;;0;;
2018-09-19 16:20:25;"B";"Bench Press (Dumbbell)";1;25;lbs;5;;;0;"";
2018-09-19 16:20:25;"B";"Bench Press (Dumbbell)";2;27.5;lbs;5;;;0;;
2018-09-19 16:20:25;"B";"Bench Press (Dumbbell)";3;30;lbs;5;;;0;;
2018-09-19 16:20:25;"B";"Bench Press (Dumbbell)";4;35;lbs;5;;;0;;
2018-09-19 16:20:25;"B";"Bench Press (Dumbbell)";5;40;lbs;8;;;0;;
2018-09-19 16:20:25;"B";"Pull Up";1;0;lbs;12;;;0;"";
2018-09-19 16:20:25;"B";"Pull Up";2;0;lbs;6;;;0;;
2018-09-17 16:01:58;"A";"Deadlift (Barbell)";1;65;lbs;5;;;0;"";""
2018-09-17 16:01:58;"A";"Deadlift (Barbell)";2;75;lbs;5;;;0;;
2018-09-17 16:01:58;"A";"Deadlift (Barbell)";3;85;lbs;5;;;0;;
2018-09-17 16:01:58;"A";"Deadlift (Barbell)";4;95;lbs;5;;;0;;
2018-09-17 16:01:58;"A";"Deadlift (Barbell)";5;105;lbs;7;;;0;;
2018-09-17 16:01:58;"A";"Bent Over Row (Dumbbell)";1;27.5;lbs;5;;;0;"";
2018-09-17 16:01:58;"A";"Bent Over Row (Dumbbell)";2;30;lbs;5;;;0;;
2018-09-17 16:01:58;"A";"Bent Over Row (Dumbbell)";3;35;lbs;5;;;0;;
2018-09-17 16:01:58;"A";"Bent Over Row (Dumbbell)";4;40;lbs;5;;;0;;
2018-09-17 16:01:58;"A";"Bent Over Row (Dumbbell)";5;45;lbs;7;;;0;;
2018-09-17 16:01:58;"A";"Overhead Press (Dumbbell)";1;20;lbs;5;;;0;"";
2018-09-17 16:01:58;"A";"Overhead Press (Dumbbell)";2;22.5;lbs;5;;;0;;
2018-09-17 16:01:58;"A";"Overhead Press (Dumbbell)";3;25;lbs;5;;;0;;
2018-09-17 16:01:58;"A";"Overhead Press (Dumbbell)";4;27.5;lbs;5;;;0;;
2018-09-17 16:01:58;"A";"Overhead Press (Dumbbell)";5;30;lbs;5;;;0;;
2018-09-13 03:20:56;"B";"Squat (Barbell)";1;20;lbs;5;;;0;"";""
2018-09-13 03:20:56;"B";"Squat (Barbell)";2;22.5;lbs;5;;;0;;
2018-09-13 03:20:56;"B";"Squat (Barbell)";3;25;lbs;5;;;0;;
2018-09-13 03:20:56;"B";"Squat (Barbell)";4;27.5;lbs;5;;;0;;
2018-09-13 03:20:56;"B";"Squat (Barbell)";5;30;lbs;6;;;0;;
2018-09-13 03:20:56;"B";"Bench Press (Dumbbell)";1;25;lbs;5;;;0;"";
2018-09-13 03:20:56;"B";"Bench Press (Dumbbell)";2;27.5;lbs;5;;;0;;
2018-09-13 03:20:56;"B";"Bench Press (Dumbbell)";3;30;lbs;5;;;0;;
2018-09-13 03:20:56;"B";"Bench Press (Dumbbell)";4;35;lbs;5;;;0;;
2018-09-13 03:20:56;"B";"Bench Press (Dumbbell)";5;40;lbs;9;;;0;;
2018-09-13 03:20:56;"B";"Pull Up";1;0;lbs;12;;;0;"";
2018-09-13 03:20:56;"B";"Pull Up";2;0;lbs;6;;;0;;
2018-09-10 04:00:21;"A";"Deadlift (Barbell)";1;65;lbs;5;;;0;"";""
2018-09-10 04:00:21;"A";"Deadlift (Barbell)";2;75;lbs;5;;;0;;
2018-09-10 04:00:21;"A";"Deadlift (Barbell)";3;85;lbs;5;;;0;;
2018-09-10 04:00:21;"A";"Deadlift (Barbell)";4;95;lbs;5;;;0;;
2018-09-10 04:00:21;"A";"Deadlift (Barbell)";5;105;lbs;7;;;0;;
2018-09-10 04:00:21;"A";"Bent Over Row (Dumbbell)";1;27.5;lbs;5;;;0;"";
2018-09-10 04:00:21;"A";"Bent Over Row (Dumbbell)";2;30;lbs;5;;;0;;
2018-09-10 04:00:21;"A";"Bent Over Row (Dumbbell)";3;35;lbs;5;;;0;;
2018-09-10 04:00:21;"A";"Bent Over Row (Dumbbell)";4;40;lbs;5;;;0;;
2018-09-10 04:00:21;"A";"Bent Over Row (Dumbbell)";5;45;lbs;6;;;0;;
2018-09-10 04:00:21;"A";"Overhead Press (Dumbbell)";1;20;lbs;5;;;0;"";
2018-09-10 04:00:21;"A";"Overhead Press (Dumbbell)";2;22.5;lbs;5;;;0;;
2018-09-10 04:00:21;"A";"Overhead Press (Dumbbell)";3;25;lbs;5;;;0;;
2018-09-10 04:00:21;"A";"Overhead Press (Dumbbell)";4;27.5;lbs;5;;;0;;
2018-09-10 04:00:21;"A";"Overhead Press (Dumbbell)";5;30;lbs;6;;;0;;
2018-09-07 16:04:38;"B";"Squat (Barbell)";1;17.5;lbs;5;;;0;"";""
2018-09-07 16:04:38;"B";"Squat (Barbell)";2;20;lbs;5;;;0;;
2018-09-07 16:04:38;"B";"Squat (Barbell)";3;22.5;lbs;5;;;0;;
2018-09-07 16:04:38;"B";"Squat (Barbell)";4;25;lbs;5;;;0;;
2018-09-07 16:04:38;"B";"Squat (Barbell)";5;27.5;lbs;10;;;0;;
2018-09-07 16:04:38;"B";"Bench Press (Dumbbell)";1;25;lbs;5;;;0;"CHANGE: 30 sec on 4th";
2018-09-07 16:04:38;"B";"Bench Press (Dumbbell)";2;27.5;lbs;5;;;0;;
2018-09-07 16:04:38;"B";"Bench Press (Dumbbell)";3;30;lbs;5;;;0;;
2018-09-07 16:04:38;"B";"Bench Press (Dumbbell)";4;35;lbs;5;;;0;;
2018-09-07 16:04:38;"B";"Bench Press (Dumbbell)";5;40;lbs;8;;;0;;
2018-09-07 16:04:38;"B";"Pull Up";1;0;lbs;10;;;0;"CHANGE: chest to get touch bar";
2018-09-07 16:04:38;"B";"Pull Up";2;0;lbs;6;;;0;;
2018-09-05 16:03:53;"A";"Deadlift (Barbell)";1;65;lbs;5;;;0;" CHANGE:  1st day rolla";""
2018-09-05 16:03:53;"A";"Deadlift (Barbell)";2;75;lbs;5;;;0;;
2018-09-05 16:03:53;"A";"Deadlift (Barbell)";3;85;lbs;5;;;0;;
2018-09-05 16:03:53;"A";"Deadlift (Barbell)";4;95;lbs;5;;;0;;
2018-09-05 16:03:53;"A";"Deadlift (Barbell)";5;103;lbs;5;;;0;;
2018-09-05 16:03:53;"A";"Bent Over Row (Dumbbell)";1;25;lbs;5;;;0;"CHANGE: 1st day rolla";
2018-09-05 16:03:53;"A";"Bent Over Row (Dumbbell)";2;27.5;lbs;5;;;0;;
2018-09-05 16:03:53;"A";"Bent Over Row (Dumbbell)";3;30;lbs;5;;;0;;
2018-09-05 16:03:53;"A";"Bent Over Row (Dumbbell)";4;35;lbs;5;;;0;;
2018-09-05 16:03:53;"A";"Bent Over Row (Dumbbell)";5;40;lbs;10;;;0;;
2018-09-05 16:03:53;"A";"Overhead Press (Dumbbell)";1;17.5;lbs;5;;;0;"CHANGE: 1ST day rolla";
2018-09-05 16:03:53;"A";"Overhead Press (Dumbbell)";2;20;lbs;5;;;0;;
2018-09-05 16:03:53;"A";"Overhead Press (Dumbbell)";3;22.5;lbs;5;;;0;;
2018-09-05 16:03:53;"A";"Overhead Press (Dumbbell)";4;25;lbs;5;;;0;;
2018-09-05 16:03:53;"A";"Overhead Press (Dumbbell)";5;27.5;lbs;10;;;0;;
2018-08-31 16:07:47;"B";"Squat (Barbell)";1;17.5;lbs;5;;;0;"CHANGE: NEW GYM ROLLA";""
2018-08-31 16:07:47;"B";"Squat (Barbell)";2;20;lbs;5;;;0;;
2018-08-31 16:07:47;"B";"Squat (Barbell)";3;22.5;lbs;5;;;0;;
2018-08-31 16:07:47;"B";"Squat (Barbell)";4;25;lbs;5;;;0;;
2018-08-31 16:07:47;"B";"Squat (Barbell)";5;27.5;lbs;8;;;0;;
2018-08-31 16:07:47;"B";"Bench Press (Dumbbell)";1;25;lbs;5;;;0;"";
2018-08-31 16:07:47;"B";"Bench Press (Dumbbell)";2;27.5;lbs;5;;;0;;
2018-08-31 16:07:47;"B";"Bench Press (Dumbbell)";3;30;lbs;5;;;0;;
2018-08-31 16:07:47;"B";"Bench Press (Dumbbell)";4;35;lbs;5;;;0;;
2018-08-31 16:07:47;"B";"Bench Press (Dumbbell)";5;40;lbs;6;;;0;;
2018-08-31 16:07:47;"B";"Pull Up";1;0;lbs;10;;;0;"";
2018-08-31 16:07:47;"B";"Pull Up";2;0;lbs;6;;;0;;
2018-08-29 16:11:47;"A";"Deadlift (Barbell)";1;65;lbs;5;;;0;"";""
2018-08-29 16:11:47;"A";"Deadlift (Barbell)";2;75;lbs;5;;;0;;
2018-08-29 16:11:47;"A";"Deadlift (Barbell)";3;85;lbs;5;;;0;;
2018-08-29 16:11:47;"A";"Deadlift (Barbell)";4;95;lbs;5;;;0;;
2018-08-29 16:11:47;"A";"Deadlift (Barbell)";5;105;lbs;5;;;0;;
2018-08-29 16:11:47;"A";"Bent Over Row (Dumbbell)";1;22.5;lbs;5;;;0;"";
2018-08-29 16:11:47;"A";"Bent Over Row (Dumbbell)";2;25;lbs;5;;;0;;
2018-08-29 16:11:47;"A";"Bent Over Row (Dumbbell)";3;27.5;lbs;5;;;0;;
2018-08-29 16:11:47;"A";"Bent Over Row (Dumbbell)";4;30;lbs;5;;;0;;
2018-08-29 16:11:47;"A";"Bent Over Row (Dumbbell)";5;35;lbs;15;;;0;;
2018-08-29 16:11:47;"A";"Overhead Press (Dumbbell)";1;17.5;lbs;5;;;0;"";
2018-08-29 16:11:47;"A";"Overhead Press (Dumbbell)";2;20;lbs;5;;;0;;
2018-08-29 16:11:47;"A";"Overhead Press (Dumbbell)";3;22.5;lbs;5;;;0;;
2018-08-29 16:11:47;"A";"Overhead Press (Dumbbell)";4;25;lbs;5;;;0;;
2018-08-29 16:11:47;"A";"Overhead Press (Dumbbell)";5;27.5;lbs;9;;;0;;
2018-08-27 16:52:34;"B";"Squat (Barbell)";1;17.5;lbs;5;;;0;"";""
2018-08-27 16:52:34;"B";"Squat (Barbell)";2;20;lbs;5;;;0;;
2018-08-27 16:52:34;"B";"Squat (Barbell)";3;22.5;lbs;5;;;0;;
2018-08-27 16:52:34;"B";"Squat (Barbell)";4;25;lbs;5;;;0;;
2018-08-27 16:52:34;"B";"Squat (Barbell)";5;27.5;lbs;6;;;0;;
2018-08-27 16:52:34;"B";"Bench Press (Dumbbell)";1;22.5;lbs;5;;;0;"";
2018-08-27 16:52:34;"B";"Bench Press (Dumbbell)";2;25;lbs;5;;;0;;
2018-08-27 16:52:34;"B";"Bench Press (Dumbbell)";3;27.5;lbs;5;;;0;;
2018-08-27 16:52:34;"B";"Bench Press (Dumbbell)";4;30;lbs;5;;;0;;
2018-08-27 16:52:34;"B";"Bench Press (Dumbbell)";5;35;lbs;14;;;0;;
2018-08-27 16:52:34;"B";"Pull Up";1;0;lbs;10;;;0;"";
2018-08-27 16:52:34;"B";"Pull Up";2;0;lbs;5;;;0;;
2018-08-14 17:19:47;"Elliptical";"Running";1;;;;5.9;;0;"";"ROUND: 5.88"
2018-08-13 17:00:01;"A";"Deadlift (Barbell)";1;50;lbs;5;;;0;"";""
2018-08-13 17:00:01;"A";"Deadlift (Barbell)";2;60;lbs;5;;;0;;
2018-08-13 17:00:01;"A";"Deadlift (Barbell)";3;70;lbs;5;;;0;;
2018-08-13 17:00:01;"A";"Deadlift (Barbell)";4;80;lbs;5;;;0;;
2018-08-13 17:00:01;"A";"Deadlift (Barbell)";5;90;lbs;7;;;0;;
2018-08-13 17:00:01;"A";"Bent Over Row (Dumbbell)";1;22.5;lbs;5;;;0;"";
2018-08-13 17:00:01;"A";"Bent Over Row (Dumbbell)";2;25;lbs;5;;;0;;
2018-08-13 17:00:01;"A";"Bent Over Row (Dumbbell)";3;30;lbs;5;;;0;;
2018-08-13 17:00:01;"A";"Bent Over Row (Dumbbell)";4;35;lbs;5;;;0;;
2018-08-13 17:00:01;"A";"Bent Over Row (Dumbbell)";5;40;lbs;11;;;0;;
2018-08-13 17:00:01;"A";"Overhead Press (Dumbbell)";1;17.5;lbs;5;;;0;"";
2018-08-13 17:00:01;"A";"Overhead Press (Dumbbell)";2;20;lbs;5;;;0;;
2018-08-13 17:00:01;"A";"Overhead Press (Dumbbell)";3;22.5;lbs;5;;;0;;
2018-08-13 17:00:01;"A";"Overhead Press (Dumbbell)";4;25;lbs;5;;;0;;
2018-08-13 17:00:01;"A";"Overhead Press (Dumbbell)";5;30;lbs;7;;;0;;
2018-08-10 17:35:29;"B";"Squat (Barbell)";1;17.5;lbs;5;;;0;"";""
2018-08-10 17:35:29;"B";"Squat (Barbell)";2;20;lbs;5;;;0;;
2018-08-10 17:35:29;"B";"Squat (Barbell)";3;22.5;lbs;5;;;0;;
2018-08-10 17:35:29;"B";"Squat (Barbell)";4;25;lbs;5;;;0;;
2018-08-10 17:35:29;"B";"Squat (Barbell)";5;27.5;lbs;6;;;0;;
2018-08-10 17:35:29;"B";"Bench Press (Dumbbell)";1;22.5;lbs;5;;;0;"";
2018-08-10 17:35:29;"B";"Bench Press (Dumbbell)";2;25;lbs;5;;;0;;
2018-08-10 17:35:29;"B";"Bench Press (Dumbbell)";3;30;lbs;5;;;0;;
2018-08-10 17:35:29;"B";"Bench Press (Dumbbell)";4;35;lbs;5;;;0;;
2018-08-10 17:35:29;"B";"Bench Press (Dumbbell)";5;40;lbs;10;;;0;;
2018-08-10 17:35:29;"B";"Pull Up";1;0;lbs;11;;;0;"";
2018-08-10 17:35:29;"B";"Pull Up";2;0;lbs;7;;;0;;
2018-08-08 16:52:32;"A";"Deadlift (Barbell)";1;50;lbs;5;;;0;"";""
2018-08-08 16:52:32;"A";"Deadlift (Barbell)";2;60;lbs;5;;;0;;
2018-08-08 16:52:32;"A";"Deadlift (Barbell)";3;70;lbs;5;;;0;;
2018-08-08 16:52:32;"A";"Deadlift (Barbell)";4;80;lbs;5;;;0;;
2018-08-08 16:52:32;"A";"Deadlift (Barbell)";5;90;lbs;7;;;0;;
2018-08-08 16:52:32;"A";"Bent Over Row (Dumbbell)";1;22.5;lbs;5;;;0;"";
2018-08-08 16:52:32;"A";"Bent Over Row (Dumbbell)";2;25;lbs;5;;;0;;
2018-08-08 16:52:32;"A";"Bent Over Row (Dumbbell)";3;30;lbs;5;;;0;;
2018-08-08 16:52:32;"A";"Bent Over Row (Dumbbell)";4;35;lbs;5;;;0;;
2018-08-08 16:52:32;"A";"Bent Over Row (Dumbbell)";5;40;lbs;9;;;0;;
2018-08-08 16:52:32;"A";"Overhead Press (Dumbbell)";1;17.5;lbs;5;;;0;"";
2018-08-08 16:52:32;"A";"Overhead Press (Dumbbell)";2;20;lbs;5;;;0;;
2018-08-08 16:52:32;"A";"Overhead Press (Dumbbell)";3;22.5;lbs;5;;;0;;
2018-08-08 16:52:32;"A";"Overhead Press (Dumbbell)";4;25;lbs;5;;;0;;
2018-08-08 16:52:32;"A";"Overhead Press (Dumbbell)";5;30;lbs;6;;;0;;
2018-08-07 16:15:41;"Elliptical";"Running";1;;;;5.8;mi.;2100;"";""
2018-08-06 17:31:54;"B";"Squat (Barbell)";1;15;lbs;5;;;0;"CHANGE: wait 30 sec before 4th set, 1min before 5th";""
2018-08-06 17:31:54;"B";"Squat (Barbell)";2;17.5;lbs;5;;;0;;
2018-08-06 17:31:54;"B";"Squat (Barbell)";3;20;lbs;5;;;0;;
2018-08-06 17:31:54;"B";"Squat (Barbell)";4;22.5;lbs;5;;;0;;
2018-08-06 17:31:54;"B";"Squat (Barbell)";5;25;lbs;10;;;0;;
2018-08-06 17:31:54;"B";"Bench Press (Dumbbell)";1;22.5;lbs;5;;;0;"CHANGE: wait 45 sec before 4th set, 1min before 5th";
2018-08-06 17:31:54;"B";"Bench Press (Dumbbell)";2;25;lbs;5;;;0;;
2018-08-06 17:31:54;"B";"Bench Press (Dumbbell)";3;30;lbs;5;;;0;;
2018-08-06 17:31:54;"B";"Bench Press (Dumbbell)";4;35;lbs;5;;;0;;
2018-08-06 17:31:54;"B";"Bench Press (Dumbbell)";5;40;lbs;9;;;0;;
2018-08-06 17:31:54;"B";"Pull Up";1;0;lbs;11;;;0;"";
2018-08-06 17:31:54;"B";"Pull Up";2;0;lbs;6;;;0;;
2018-08-03 18:48:05;"A";"Deadlift (Barbell)";1;50;lbs;5;;;0;"";""
2018-08-03 18:48:05;"A";"Deadlift (Barbell)";2;60;lbs;5;;;0;;
2018-08-03 18:48:05;"A";"Deadlift (Barbell)";3;70;lbs;5;;;0;;
2018-08-03 18:48:05;"A";"Deadlift (Barbell)";4;80;lbs;5;;;0;;
2018-08-03 18:48:05;"A";"Deadlift (Barbell)";5;90;lbs;8;;;0;;
2018-08-03 18:48:05;"A";"Bent Over Row (Dumbbell)";1;20;lbs;5;;;0;"";
2018-08-03 18:48:05;"A";"Bent Over Row (Dumbbell)";2;22.5;lbs;5;;;0;;
2018-08-03 18:48:05;"A";"Bent Over Row (Dumbbell)";3;25;lbs;5;;;0;;
2018-08-03 18:48:05;"A";"Bent Over Row (Dumbbell)";4;30;lbs;5;;;0;;
2018-08-03 18:48:05;"A";"Bent Over Row (Dumbbell)";5;35;lbs;11;;;0;;
2018-08-03 18:48:05;"A";"Overhead Press (Dumbbell)";1;17.5;lbs;5;;;0;"";
2018-08-03 18:48:05;"A";"Overhead Press (Dumbbell)";2;20;lbs;5;;;0;;
2018-08-03 18:48:05;"A";"Overhead Press (Dumbbell)";3;22.5;lbs;5;;;0;;
2018-08-03 18:48:05;"A";"Overhead Press (Dumbbell)";4;25;lbs;5;;;0;;
2018-08-03 18:48:05;"A";"Overhead Press (Dumbbell)";5;30;lbs;6;;;0;;
2018-08-02 17:07:03;"Elliptical";"Running";1;;;;4.8;mi.;2100;"";""
2018-08-01 16:56:33;"B";"Squat (Barbell)";1;15;lbs;5;;;0;"";""
2018-08-01 16:56:33;"B";"Squat (Barbell)";2;17.5;lbs;5;;;0;;
2018-08-01 16:56:33;"B";"Squat (Barbell)";3;20;lbs;5;;;0;;
2018-08-01 16:56:33;"B";"Squat (Barbell)";4;22.5;lbs;5;;;0;;
2018-08-01 16:56:33;"B";"Squat (Barbell)";5;25;lbs;7;;;0;;
2018-08-01 16:56:33;"B";"Bench Press (Dumbbell)";1;22.5;lbs;5;;;0;"";
2018-08-01 16:56:33;"B";"Bench Press (Dumbbell)";2;25;lbs;5;;;0;;
2018-08-01 16:56:33;"B";"Bench Press (Dumbbell)";3;30;lbs;5;;;0;;
2018-08-01 16:56:33;"B";"Bench Press (Dumbbell)";4;35;lbs;5;;;0;;
2018-08-01 16:56:33;"B";"Bench Press (Dumbbell)";5;40;lbs;8;;;0;;
2018-08-01 16:56:33;"B";"Pull Up";1;0;lbs;12;;;0;"";
2018-08-01 16:56:33;"B";"Pull Up";2;0;lbs;7;;;0;;
2018-07-31 17:36:30;"Elliptical";"Running";1;;;;4.3;;0;"";""
2018-07-30 17:37:32;"A";"Deadlift (Barbell)";1;50;lbs;5;;;0;"BAD FORM: did 7 but was probably curving back";""
2018-07-30 17:37:32;"A";"Deadlift (Barbell)";2;60;lbs;5;;;0;;
2018-07-30 17:37:32;"A";"Deadlift (Barbell)";3;70;lbs;5;;;0;;
2018-07-30 17:37:32;"A";"Deadlift (Barbell)";4;80;lbs;5;;;0;;
2018-07-30 17:37:32;"A";"Deadlift (Barbell)";5;90;lbs;7;;;0;;
2018-07-30 17:37:32;"A";"Bent Over Row (Dumbbell)";1;17.5;lbs;5;;;0;"";
2018-07-30 17:37:32;"A";"Bent Over Row (Dumbbell)";2;20;lbs;5;;;0;;
2018-07-30 17:37:32;"A";"Bent Over Row (Dumbbell)";3;22.5;lbs;5;;;0;;
2018-07-30 17:37:32;"A";"Bent Over Row (Dumbbell)";4;25;lbs;5;;;0;;
2018-07-30 17:37:32;"A";"Bent Over Row (Dumbbell)";5;30;lbs;11;;;0;;
2018-07-30 17:37:32;"A";"Overhead Press (Dumbbell)";1;17.5;lbs;5;;;0;"";
2018-07-30 17:37:32;"A";"Overhead Press (Dumbbell)";2;20;lbs;5;;;0;;
2018-07-30 17:37:32;"A";"Overhead Press (Dumbbell)";3;22.5;lbs;5;;;0;;
2018-07-30 17:37:32;"A";"Overhead Press (Dumbbell)";4;25;lbs;5;;;0;;
2018-07-30 17:37:32;"A";"Overhead Press (Dumbbell)";5;30;lbs;8;;;0;;
2018-07-27 15:23:05;"B";"Squat (Barbell)";1;15;lbs;5;;;0;"";""
2018-07-27 15:23:05;"B";"Squat (Barbell)";2;17.5;lbs;5;;;0;;
2018-07-27 15:23:05;"B";"Squat (Barbell)";3;20;lbs;5;;;0;;
2018-07-27 15:23:05;"B";"Squat (Barbell)";4;22.5;lbs;5;;;0;;
2018-07-27 15:23:05;"B";"Squat (Barbell)";5;25;lbs;9;;;0;;
2018-07-27 15:23:05;"B";"Bench Press (Dumbbell)";1;22.5;lbs;5;;;0;"";
2018-07-27 15:23:05;"B";"Bench Press (Dumbbell)";2;25;lbs;5;;;0;;
2018-07-27 15:23:05;"B";"Bench Press (Dumbbell)";3;30;lbs;5;;;0;;
2018-07-27 15:23:05;"B";"Bench Press (Dumbbell)";4;35;lbs;5;;;0;;
2018-07-27 15:23:05;"B";"Bench Press (Dumbbell)";5;40;lbs;6;;;0;;
2018-07-27 15:23:05;"B";"Pull Up";1;0;lbs;10;;;0;"";
2018-07-27 15:23:05;"B";"Pull Up";2;0;lbs;5;;;0;;
2018-07-25 16:58:00;"A";"Deadlift (Barbell)";1;50;lbs;5;;;0;"";""
2018-07-25 16:58:00;"A";"Deadlift (Barbell)";2;60;lbs;5;;;0;;
2018-07-25 16:58:00;"A";"Deadlift (Barbell)";3;70;lbs;5;;;0;;
2018-07-25 16:58:00;"A";"Deadlift (Barbell)";4;80;lbs;5;;;0;;
2018-07-25 16:58:00;"A";"Deadlift (Barbell)";5;90;lbs;6;;;0;;
2018-07-25 16:58:00;"A";"Bent Over Row (Dumbbell)";1;17.5;lbs;5;;;0;"";
2018-07-25 16:58:00;"A";"Bent Over Row (Dumbbell)";2;20;lbs;5;;;0;;
2018-07-25 16:58:00;"A";"Bent Over Row (Dumbbell)";3;22.5;lbs;5;;;0;;
2018-07-25 16:58:00;"A";"Bent Over Row (Dumbbell)";4;25;lbs;5;;;0;;
2018-07-25 16:58:00;"A";"Bent Over Row (Dumbbell)";5;30;lbs;8;;;0;;
2018-07-25 16:58:00;"A";"Overhead Press (Dumbbell)";1;15;lbs;5;;;0;"";
2018-07-25 16:58:00;"A";"Overhead Press (Dumbbell)";2;17.5;lbs;5;;;0;;
2018-07-25 16:58:00;"A";"Overhead Press (Dumbbell)";3;20;lbs;5;;;0;;
2018-07-25 16:58:00;"A";"Overhead Press (Dumbbell)";4;22.5;lbs;5;;;0;;
2018-07-25 16:58:00;"A";"Overhead Press (Dumbbell)";5;25;lbs;8;;;0;;
2018-07-23 16:54:53;"B";"Squat (Barbell)";1;15;lbs;5;;;0;"";""
2018-07-23 16:54:53;"B";"Squat (Barbell)";2;17.5;lbs;5;;;0;;
2018-07-23 16:54:53;"B";"Squat (Barbell)";3;20;lbs;5;;;0;;
2018-07-23 16:54:53;"B";"Squat (Barbell)";4;22.5;lbs;5;;;0;;
2018-07-23 16:54:53;"B";"Squat (Barbell)";5;25;lbs;7;;;0;;
2018-07-23 16:54:53;"B";"Bench Press (Dumbbell)";1;20;lbs;5;;;0;"";
2018-07-23 16:54:53;"B";"Bench Press (Dumbbell)";2;22.5;lbs;5;;;0;;
2018-07-23 16:54:53;"B";"Bench Press (Dumbbell)";3;25;lbs;5;;;0;;
2018-07-23 16:54:53;"B";"Bench Press (Dumbbell)";4;30;lbs;5;;;0;;
2018-07-23 16:54:53;"B";"Bench Press (Dumbbell)";5;35;lbs;11;;;0;;
2018-07-23 16:54:53;"B";"Pull Up";1;0;lbs;9;;;0;"";
2018-07-23 16:54:53;"B";"Pull Up";2;0;lbs;5;;;0;;
2018-07-20 18:13:49;"A";"Deadlift (Barbell)";1;50;lbs;5;;;0;"";""
2018-07-20 18:13:49;"A";"Deadlift (Barbell)";2;60;lbs;5;;;0;;
2018-07-20 18:13:49;"A";"Deadlift (Barbell)";3;70;lbs;5;;;0;;
2018-07-20 18:13:49;"A";"Deadlift (Barbell)";4;80;lbs;5;;;0;;
2018-07-20 18:13:49;"A";"Deadlift (Barbell)";5;90;lbs;7;;;0;;
2018-07-20 18:13:49;"A";"Bent Over Row (Dumbbell)";1;15;lbs;5;;;0;"";
2018-07-20 18:13:49;"A";"Bent Over Row (Dumbbell)";2;17.5;lbs;5;;;0;;
2018-07-20 18:13:49;"A";"Bent Over Row (Dumbbell)";3;20;lbs;5;;;0;;
2018-07-20 18:13:49;"A";"Bent Over Row (Dumbbell)";4;22.5;lbs;5;;;0;;
2018-07-20 18:13:49;"A";"Bent Over Row (Dumbbell)";5;25;lbs;13;;;0;;
2018-07-20 18:13:49;"A";"Overhead Press (Dumbbell)";1;15;lbs;5;;;0;"";
2018-07-20 18:13:49;"A";"Overhead Press (Dumbbell)";2;17.5;lbs;5;;;0;;
2018-07-20 18:13:49;"A";"Overhead Press (Dumbbell)";3;20;lbs;5;;;0;;
2018-07-20 18:13:49;"A";"Overhead Press (Dumbbell)";4;22.5;lbs;5;;;0;;
2018-07-20 18:13:49;"A";"Overhead Press (Dumbbell)";5;25;lbs;6;;;0;;
2018-07-18 17:43:10;"B";"Squat (Barbell)";1;15;lbs;5;;;0;"";""
2018-07-18 17:43:10;"B";"Squat (Barbell)";2;17.5;lbs;5;;;0;;
2018-07-18 17:43:10;"B";"Squat (Barbell)";3;20;lbs;5;;;0;;
2018-07-18 17:43:10;"B";"Squat (Barbell)";4;22.5;lbs;5;;;0;;
2018-07-18 17:43:10;"B";"Squat (Barbell)";5;25;lbs;8;;;0;;
2018-07-18 17:43:10;"B";"Bench Press (Dumbbell)";1;20;lbs;5;;;0;"";
2018-07-18 17:43:10;"B";"Bench Press (Dumbbell)";2;22.5;lbs;5;;;0;;
2018-07-18 17:43:10;"B";"Bench Press (Dumbbell)";3;25;lbs;5;;;0;;
2018-07-18 17:43:10;"B";"Bench Press (Dumbbell)";4;30;lbs;5;;;0;;
2018-07-18 17:43:10;"B";"Bench Press (Dumbbell)";5;35;lbs;10;;;0;;
2018-07-18 17:43:10;"B";"Pull Up";1;0;lbs;8;;;0;"";
2018-07-18 17:43:10;"B";"Pull Up";2;0;lbs;4;;;0;;
2018-07-16 18:12:49;"A";"Deadlift (Barbell)";1;50;lbs;5;;;0;"";""
2018-07-16 18:12:49;"A";"Deadlift (Barbell)";2;60;lbs;5;;;0;;
2018-07-16 18:12:49;"A";"Deadlift (Barbell)";3;70;lbs;5;;;0;;
2018-07-16 18:12:49;"A";"Deadlift (Barbell)";4;80;lbs;5;;;0;;
2018-07-16 18:12:49;"A";"Deadlift (Barbell)";5;90;lbs;8;;;0;;
2018-07-16 18:12:49;"A";"Bent Over Row (Dumbbell)";1;15;lbs;5;;;0;"";
2018-07-16 18:12:49;"A";"Bent Over Row (Dumbbell)";2;17.5;lbs;5;;;0;;
2018-07-16 18:12:49;"A";"Bent Over Row (Dumbbell)";3;20;lbs;5;;;0;;
2018-07-16 18:12:49;"A";"Bent Over Row (Dumbbell)";4;22.5;lbs;5;;;0;;
2018-07-16 18:12:49;"A";"Bent Over Row (Dumbbell)";5;25;lbs;12;;;0;;
2018-07-16 18:12:49;"A";"Overhead Press (Dumbbell)";1;17.5;lbs;5;;;0;"";
2018-07-16 18:12:49;"A";"Overhead Press (Dumbbell)";2;20;lbs;5;;;0;;
2018-07-16 18:12:49;"A";"Overhead Press (Dumbbell)";3;22.5;lbs;5;;;0;;
2018-07-16 18:12:49;"A";"Overhead Press (Dumbbell)";4;25;lbs;5;;;0;;
2018-07-16 18:12:49;"A";"Overhead Press (Dumbbell)";5;30;lbs;3;;;0;;
2018-07-13 19:26:11;"B";"Squat (Barbell)";1;15;lbs;5;;;0;"";""
2018-07-13 19:26:11;"B";"Squat (Barbell)";2;17.5;lbs;5;;;0;;
2018-07-13 19:26:11;"B";"Squat (Barbell)";3;20;lbs;5;;;0;;
2018-07-13 19:26:11;"B";"Squat (Barbell)";4;22.5;lbs;5;;;0;;
2018-07-13 19:26:11;"B";"Squat (Barbell)";5;25;lbs;8;;;0;;
2018-07-13 19:26:11;"B";"Bench Press (Dumbbell)";1;20;lbs;5;;;0;"";
2018-07-13 19:26:11;"B";"Bench Press (Dumbbell)";2;22.5;lbs;5;;;0;;
2018-07-13 19:26:11;"B";"Bench Press (Dumbbell)";3;25;lbs;5;;;0;;
2018-07-13 19:26:11;"B";"Bench Press (Dumbbell)";4;30;lbs;5;;;0;;
2018-07-13 19:26:11;"B";"Bench Press (Dumbbell)";5;35;lbs;8;;;0;;
2018-07-13 19:26:11;"B";"Pull Up";1;0;lbs;7;;;0;"";
2018-07-13 19:26:11;"B";"Pull Up";2;0;lbs;4;;;0;;
2018-07-11 16:57:57;"A";"Deadlift (Barbell)";1;50;lbs;5;;;0;"";""
2018-07-11 16:57:57;"A";"Deadlift (Barbell)";2;60;lbs;5;;;0;;
2018-07-11 16:57:57;"A";"Deadlift (Barbell)";3;70;lbs;5;;;0;;
2018-07-11 16:57:57;"A";"Deadlift (Barbell)";4;80;lbs;5;;;0;;
2018-07-11 16:57:57;"A";"Deadlift (Barbell)";5;90;lbs;7;;;0;;
2018-07-11 16:57:57;"A";"Bent Over Row (Dumbbell)";1;15;lbs;5;;;0;"";
2018-07-11 16:57:57;"A";"Bent Over Row (Dumbbell)";2;17.5;lbs;5;;;0;;
2018-07-11 16:57:57;"A";"Bent Over Row (Dumbbell)";3;20;lbs;5;;;0;;
2018-07-11 16:57:57;"A";"Bent Over Row (Dumbbell)";4;22.5;lbs;5;;;0;;
2018-07-11 16:57:57;"A";"Bent Over Row (Dumbbell)";5;25;lbs;8;;;0;;
2018-07-11 16:57:57;"A";"Overhead Press (Dumbbell)";1;17.5;lbs;5;;;0;"FAIL: 6 last time";
2018-07-11 16:57:57;"A";"Overhead Press (Dumbbell)";2;20;lbs;5;;;0;;
2018-07-11 16:57:57;"A";"Overhead Press (Dumbbell)";3;22.5;lbs;5;;;0;;
2018-07-11 16:57:57;"A";"Overhead Press (Dumbbell)";4;25;lbs;5;;;0;;
2018-07-11 16:57:57;"A";"Overhead Press (Dumbbell)";5;30;lbs;3;;;0;;
2018-07-09 16:31:04;"B";"Squat (Barbell)";1;15;lbs;5;;;0;"FAIL: 8 last time, MUST GET AT LEAST 8!";""
2018-07-09 16:31:04;"B";"Squat (Barbell)";2;17.5;lbs;5;;;0;;
2018-07-09 16:31:04;"B";"Squat (Barbell)";3;20;lbs;5;;;0;;
2018-07-09 16:31:04;"B";"Squat (Barbell)";4;22.5;lbs;5;;;0;;
2018-07-09 16:31:04;"B";"Squat (Barbell)";5;25;lbs;6;;;0;;
2018-07-09 16:31:04;"B";"Bench Press (Dumbbell)";1;20;lbs;5;;;0;"";
2018-07-09 16:31:04;"B";"Bench Press (Dumbbell)";2;22.5;lbs;5;;;0;;
2018-07-09 16:31:04;"B";"Bench Press (Dumbbell)";3;25;lbs;5;;;0;;
2018-07-09 16:31:04;"B";"Bench Press (Dumbbell)";4;30;lbs;5;;;0;;
2018-07-09 16:31:04;"B";"Bench Press (Dumbbell)";5;35;lbs;8;;;0;;
2018-07-09 16:31:04;"B";"Pull Up";1;0;lbs;5;;;0;"";
2018-07-09 16:31:04;"B";"Pull Up";2;0;lbs;4;;;0;;
2018-07-06 19:27:05;"A";"Deadlift (Barbell)";1;50;lbs;5;;;0;"";""
2018-07-06 19:27:05;"A";"Deadlift (Barbell)";2;60;lbs;5;;;0;;
2018-07-06 19:27:05;"A";"Deadlift (Barbell)";3;70;lbs;5;;;0;;
2018-07-06 19:27:05;"A";"Deadlift (Barbell)";4;80;lbs;5;;;0;;
2018-07-06 19:27:05;"A";"Deadlift (Barbell)";5;90;lbs;5;;;0;;
2018-07-06 19:27:05;"A";"Bent Over Row (Dumbbell)";1;15;lbs;5;;;0;"";
2018-07-06 19:27:05;"A";"Bent Over Row (Dumbbell)";2;17.5;lbs;5;;;0;;
2018-07-06 19:27:05;"A";"Bent Over Row (Dumbbell)";3;20;lbs;5;;;0;;
2018-07-06 19:27:05;"A";"Bent Over Row (Dumbbell)";4;22.5;lbs;5;;;0;;
2018-07-06 19:27:05;"A";"Bent Over Row (Dumbbell)";5;25;lbs;7;;;0;;
2018-07-06 19:27:05;"A";"Overhead Press (Dumbbell)";1;17.5;lbs;5;;;0;"";
2018-07-06 19:27:05;"A";"Overhead Press (Dumbbell)";2;20;lbs;5;;;0;;
2018-07-06 19:27:05;"A";"Overhead Press (Dumbbell)";3;22.5;lbs;5;;;0;;
2018-07-06 19:27:05;"A";"Overhead Press (Dumbbell)";4;25;lbs;5;;;0;;
2018-07-06 19:27:05;"A";"Overhead Press (Dumbbell)";5;30;lbs;6;;;0;;
2018-07-03 16:39:20;"Elliptical";"Running";1;;;;4.3;mi.;2100;"";""
2018-07-02 17:25:04;"B";"Squat (Barbell)";1;15;lbs;5;;;0;"";""
2018-07-02 17:25:04;"B";"Squat (Barbell)";2;17.5;lbs;5;;;0;;
2018-07-02 17:25:04;"B";"Squat (Barbell)";3;20;lbs;5;;;0;;
2018-07-02 17:25:04;"B";"Squat (Barbell)";4;22.5;lbs;5;;;0;;
2018-07-02 17:25:04;"B";"Squat (Barbell)";5;25;lbs;8;;;0;;
2018-07-02 17:25:04;"B";"Bench Press (Dumbbell)";1;20;lbs;5;;;0;"";
2018-07-02 17:25:04;"B";"Bench Press (Dumbbell)";2;22.5;lbs;5;;;0;;
2018-07-02 17:25:04;"B";"Bench Press (Dumbbell)";3;25;lbs;5;;;0;;
2018-07-02 17:25:04;"B";"Bench Press (Dumbbell)";4;30;lbs;5;;;0;;
2018-07-02 17:25:04;"B";"Bench Press (Dumbbell)";5;35;lbs;8;;;0;;
2018-07-02 17:25:04;"B";"Pull Up";1;0;lbs;8;;;0;"";
2018-07-02 17:25:04;"B";"Pull Up";2;0;lbs;1;;;0;;
2018-06-27 16:26:53;"B";"Squat (Barbell)";1;15;lbs;5;;;0;"";""
2018-06-27 16:26:53;"B";"Squat (Barbell)";2;17.5;lbs;5;;;0;;
2018-06-27 16:26:53;"B";"Squat (Barbell)";3;20;lbs;5;;;0;;
2018-06-27 16:26:53;"B";"Squat (Barbell)";4;22.5;lbs;5;;;0;;
2018-06-27 16:26:53;"B";"Squat (Barbell)";5;25;lbs;5;;;0;;
2018-06-27 16:26:53;"B";"Bench Press (Dumbbell)";1;17.5;lbs;5;;;0;"";
2018-06-27 16:26:53;"B";"Bench Press (Dumbbell)";2;20;lbs;5;;;0;;
2018-06-27 16:26:53;"B";"Bench Press (Dumbbell)";3;22.5;lbs;5;;;0;;
2018-06-27 16:26:53;"B";"Bench Press (Dumbbell)";4;25;lbs;5;;;0;;
2018-06-27 16:26:53;"B";"Bench Press (Dumbbell)";5;30;lbs;10;;;0;;
2018-06-27 16:26:53;"B";"Pull Up";1;0;lbs;6;;;0;"";
2018-06-27 16:26:53;"B";"Pull Up";2;0;lbs;1;;;0;;
2018-06-25 21:59:11;"A";"Deadlift (Barbell)";1;40;lbs;5;;;0;"";""
2018-06-25 21:59:11;"A";"Deadlift (Barbell)";2;50;lbs;5;;;0;;
2018-06-25 21:59:11;"A";"Deadlift (Barbell)";3;60;lbs;5;;;0;;
2018-06-25 21:59:11;"A";"Deadlift (Barbell)";4;70;lbs;5;;;0;;
2018-06-25 21:59:11;"A";"Deadlift (Barbell)";5;80;lbs;10;;;0;;
2018-06-25 21:59:11;"A";"Bent Over Row (Dumbbell)";1;15;lbs;5;;;0;"";
2018-06-25 21:59:11;"A";"Bent Over Row (Dumbbell)";2;17.5;lbs;5;;;0;;
2018-06-25 21:59:11;"A";"Bent Over Row (Dumbbell)";3;20;lbs;5;;;0;;
2018-06-25 21:59:11;"A";"Bent Over Row (Dumbbell)";4;22.5;lbs;5;;;0;;
2018-06-25 21:59:11;"A";"Bent Over Row (Dumbbell)";5;25;lbs;6;;;0;;
2018-06-25 21:59:11;"A";"Overhead Press (Dumbbell)";1;17.5;lbs;5;;;0;"";
2018-06-25 21:59:11;"A";"Overhead Press (Dumbbell)";2;20;lbs;5;;;0;;
2018-06-25 21:59:11;"A";"Overhead Press (Dumbbell)";3;22.5;lbs;5;;;0;;
2018-06-25 21:59:11;"A";"Overhead Press (Dumbbell)";4;25;lbs;5;;;0;;
2018-06-25 21:59:11;"A";"Overhead Press (Dumbbell)";5;30;lbs;5;;;0;;
2018-06-22 19:44:00;"B";"Squat (Barbell)";1;15;lbs;5;;;0;"Make sure good form";""
2018-06-22 19:44:00;"B";"Squat (Barbell)";2;17.5;lbs;5;;;0;;
2018-06-22 19:44:00;"B";"Squat (Barbell)";3;20;lbs;5;;;0;;
2018-06-22 19:44:00;"B";"Squat (Barbell)";4;22.5;lbs;5;;;0;;
2018-06-22 19:44:00;"B";"Squat (Barbell)";5;25;lbs;5;;;0;;
2018-06-22 19:44:00;"B";"Bench Press (Dumbbell)";1;15;lbs;5;;;0;"";
2018-06-22 19:44:00;"B";"Bench Press (Dumbbell)";2;17.5;lbs;5;;;0;;
2018-06-22 19:44:00;"B";"Bench Press (Dumbbell)";3;20;lbs;5;;;0;;
2018-06-22 19:44:00;"B";"Bench Press (Dumbbell)";4;22.5;lbs;5;;;0;;
2018-06-22 19:44:00;"B";"Bench Press (Dumbbell)";5;25;lbs;15;;;0;;
2018-06-22 19:44:00;"B";"Pull Up";1;0;lbs;6;;;0;"";
2018-06-22 19:44:00;"B";"Pull Up";2;0;lbs;1;;;0;;
2018-06-20 17:54:37;"A";"Deadlift (Barbell)";1;40;lbs;5;;;0;"";""
2018-06-20 17:54:37;"A";"Deadlift (Barbell)";2;50;lbs;5;;;0;;
2018-06-20 17:54:37;"A";"Deadlift (Barbell)";3;60;lbs;5;;;0;;
2018-06-20 17:54:37;"A";"Deadlift (Barbell)";4;70;lbs;5;;;0;;
2018-06-20 17:54:37;"A";"Deadlift (Barbell)";5;80;lbs;8;;;0;;
2018-06-20 17:54:37;"A";"Bent Over Row (Dumbbell)";1;10;lbs;5;;;0;"";
2018-06-20 17:54:37;"A";"Bent Over Row (Dumbbell)";2;12.5;lbs;5;;;0;;
2018-06-20 17:54:37;"A";"Bent Over Row (Dumbbell)";3;15;lbs;5;;;0;;
2018-06-20 17:54:37;"A";"Bent Over Row (Dumbbell)";4;17.5;lbs;5;;;0;;
2018-06-20 17:54:37;"A";"Bent Over Row (Dumbbell)";5;20;lbs;15;;;0;;
2018-06-20 17:54:37;"A";"Bent Over Row (Dumbbell)";6;0;lbs;0;;;0;;
2018-06-20 17:54:37;"A";"Overhead Press (Dumbbell)";1;15;lbs;5;;;0;"";
2018-06-20 17:54:37;"A";"Overhead Press (Dumbbell)";2;17.5;lbs;5;;;0;;
2018-06-20 17:54:37;"A";"Overhead Press (Dumbbell)";3;20;lbs;5;;;0;;
2018-06-20 17:54:37;"A";"Overhead Press (Dumbbell)";4;22.5;lbs;5;;;0;;
2018-06-20 17:54:37;"A";"Overhead Press (Dumbbell)";5;25;lbs;10;;;0;;
2018-06-18 18:23:13;"B";"Squat (Barbell)";1;15;lbs;5;;;0;"Had wrong form";""
2018-06-18 18:23:13;"B";"Squat (Barbell)";2;17.5;lbs;5;;;0;;
2018-06-18 18:23:13;"B";"Squat (Barbell)";3;20;lbs;5;;;0;;
2018-06-18 18:23:13;"B";"Squat (Barbell)";4;22.5;lbs;5;;;0;;
2018-06-18 18:23:13;"B";"Squat (Barbell)";5;25;lbs;5;;;0;;
2018-06-18 18:23:13;"B";"Bench Press (Dumbbell)";1;10;lbs;5;;;0;"Up weight";
2018-06-18 18:23:13;"B";"Bench Press (Dumbbell)";2;12.5;lbs;5;;;0;;
2018-06-18 18:23:13;"B";"Bench Press (Dumbbell)";3;15;lbs;5;;;0;;
2018-06-18 18:23:13;"B";"Bench Press (Dumbbell)";4;17.5;lbs;5;;;0;;
2018-06-18 18:23:13;"B";"Bench Press (Dumbbell)";5;20;lbs;25;;;0;;
2018-06-18 18:23:13;"B";"Pull Up";1;0;lbs;6;;;0;"";
2018-06-18 18:23:13;"B";"Pull Up";2;0;lbs;6;;;0;;
